"2024-07-08T04:33:05Z";"CREATE_CHEST";"{"chest":{"location":{"world":"world","x":-17.0,"y":72.0,"z":-2.0},"createdAt":1720413185929,"expireAt":1720413785929,"owner":{"name":"AKUNE_","op":false,"id":"613842ed-33ba-3977-99cd-4d685214d518","entity-id":298,"location":{"world":"world","x":-16.4224429747102,"y":72.0,"z":-0.20511010872506158,"yaw":-15.890259,"pitch":2.8240776}},"isProtected":false,"inventory":{"type":"CHEST","size":9,"content":[{"v":3700,"type":"OAK_PLANKS","amount":8}]}}}"
"2024-07-08T04:33:09Z";"DESTROY_CHEST";"{"chest":{"location":{"world":"world","x":-17.0,"y":72.0,"z":-2.0},"createdAt":1720413185929,"expireAt":1720413785929,"owner":{"name":"AKUNE_","op":false,"id":"613842ed-33ba-3977-99cd-4d685214d518","entity-id":298,"location":{"world":"world","x":4.483726510224911,"y":76.85489329934836,"z":4.903511630789466,"yaw":175.44815,"pitch":58.320118}},"isProtected":false,"inventory":{"type":"CHEST","size":9,"content":[]}},"reason":"THIEF","extra":{"player":{"name":"Yuu_Tempest25","op":false,"id":"81c769a5-c4f8-3503-958e-788ebf5699f7","entity-id":29,"location":{"world":"world","x":-16.118327979988692,"y":72.0,"z":-0.3287760012217498,"yaw":-175.65552,"pitch":42.600403}}}}"
"2024-07-08T04:46:27Z";"CREATE_CHEST";"{"chest":{"location":{"world":"world","x":226.0,"y":-7.0,"z":62.0},"createdAt":1720413987961,"expireAt":1720414587961,"owner":{"name":"Shaggo","op":false,"id":"b740200d-9d63-3312-852f-8cd4142c8482","entity-id":264,"location":{"world":"world","x":227.67521424193012,"y":-7.078400001525879,"z":62.22964018033288,"yaw":-104.6167,"pitch":17.930288}},"isProtected":false,"inventory":{"type":"CHEST","size":27,"content":[{"v":3700,"type":"WOODEN_AXE","meta":{"meta-type":"UNSPECIFIC","Damage":7}},{"v":3700,"type":"WOODEN_AXE","meta":{"meta-type":"UNSPECIFIC","Damage":20}},{"v":3700,"type":"COOKED_BEEF","amount":3},{"v":3700,"type":"STONE_PICKAXE"},{"v":3700,"type":"STONE_PICKAXE","meta":{"meta-type":"UNSPECIFIC","Damage":2}},{"v":3700,"type":"STONE_PICKAXE","meta":{"meta-type":"UNSPECIFIC","Damage":110}},{"v":3700,"type":"STONE_AXE","meta":{"meta-type":"UNSPECIFIC","Damage":48}},{"v":3700,"type":"WOODEN_PICKAXE","meta":{"meta-type":"UNSPECIFIC","Damage":14}},{"v":3700,"type":"LEATHER","amount":5},{"v":3700,"type":"BOW","meta":{"meta-type":"UNSPECIFIC","Damage":338}},{"v":3700,"type":"DIORITE","amount":9},{"v":3700,"type":"ANDESITE","amount":12},{"v":3700,"type":"COBBLESTONE","amount":40},{"v":3700,"type":"OAK_PLANKS","amount":16},{"v":3700,"type":"GRANITE","amount":4},{"v":3700,"type":"BONE","amount":4},{"v":3700,"type":"COBBLED_DEEPSLATE","amount":15},{"v":3700,"type":"BIRCH_LOG","amount":5},{"v":3700,"type":"STICK","amount":2}]}}}"
"2024-07-08T04:48:04Z";"CREATE_CHEST";"{"chest":{"location":{"world":"world","x":131.0,"y":63.0,"z":58.0},"createdAt":1720414084332,"expireAt":1720414684332,"owner":{"name":"Shaggo","op":false,"id":"b740200d-9d63-3312-852f-8cd4142c8482","entity-id":264,"location":{"world":"world","x":131.0591529996697,"y":63.0,"z":58.425258124686174,"yaw":169.29913,"pitch":-25.989553}},"isProtected":false,"inventory":{"type":"CHEST","size":9,"content":[{"v":3700,"type":"COBBLESTONE","amount":6},{"v":3700,"type":"DIRT","amount":2},{"v":3700,"type":"WOODEN_PICKAXE","meta":{"meta-type":"UNSPECIFIC","Damage":9}},{"v":3700,"type":"STICK","amount":6},{"v":3700,"type":"OAK_PLANKS","amount":5}]}}}"
"2024-07-08T04:48:07Z";"DESTROY_CHEST";"{"chest":{"location":{"world":"world","x":131.0,"y":63.0,"z":58.0},"createdAt":1720414084332,"expireAt":1720414684332,"owner":{"name":"Shaggo","op":false,"id":"b740200d-9d63-3312-852f-8cd4142c8482","entity-id":264,"location":{"world":"world","x":1.6465530266632207,"y":77.7531999805212,"z":8.930062009301926,"yaw":-48.78568,"pitch":22.796213}},"isProtected":false,"inventory":{"type":"CHEST","size":9,"content":[]}},"reason":"THIEF","extra":{"player":{"name":"AKUNE_","op":false,"id":"613842ed-33ba-3977-99cd-4d685214d518","entity-id":862,"location":{"world":"world","x":131.98688521003106,"y":63.875,"z":58.40240042650244,"yaw":71.693115,"pitch":78.873215}}}}"
"2024-07-08T04:48:40Z";"CREATE_CHEST";"{"chest":{"location":{"world":"world","x":132.0,"y":63.0,"z":58.0},"createdAt":1720414120632,"expireAt":1720414720632,"owner":{"name":"Shaggo","op":false,"id":"b740200d-9d63-3312-852f-8cd4142c8482","entity-id":264,"location":{"world":"world","x":130.30000001192093,"y":64.58230961125521,"z":55.30000001192093,"yaw":-172.4347,"pitch":-18.228155}},"isProtected":false,"inventory":{"type":"CHEST","size":9,"content":[{"v":3700,"type":"DIRT"}]}}}"
"2024-07-08T04:52:19Z";"CREATE_CHEST";"{"chest":{"location":{"world":"world","x":224.0,"y":65.0,"z":61.0},"createdAt":1720414339773,"expireAt":1720414939773,"owner":{"name":"Shaggo","op":false,"id":"b740200d-9d63-3312-852f-8cd4142c8482","entity-id":5890,"location":{"world":"world","x":224.1323247057828,"y":65.0,"z":60.78578065509707,"yaw":30.830048,"pitch":43.87534}},"isProtected":false,"inventory":{"type":"CHEST","size":9,"content":[{"v":3700,"type":"OAK_PLANKS","amount":2},{"v":3700,"type":"STICK","amount":2}]}}}"
"2024-07-08T04:52:21Z";"DESTROY_CHEST";"{"chest":{"location":{"world":"world","x":224.0,"y":65.0,"z":61.0},"createdAt":1720414339773,"expireAt":1720414939773,"owner":{"name":"Shaggo","op":false,"id":"b740200d-9d63-3312-852f-8cd4142c8482","entity-id":5890,"location":{"world":"world","x":7.5,"y":92.0,"z":-6.250491985210836}},"isProtected":false,"inventory":{"type":"CHEST","size":9,"content":[]}},"reason":"THIEF","extra":{"player":{"name":"AKUNE_","op":false,"id":"613842ed-33ba-3977-99cd-4d685214d518","entity-id":862,"location":{"world":"world","x":223.8561198336124,"y":65.0,"z":62.23750001192093,"yaw":-174.39917,"pitch":48.562103}}}}"
"2024-07-08T04:54:52Z";"CREATE_CHEST";"{"chest":{"location":{"world":"world","x":162.0,"y":66.0,"z":47.0},"createdAt":1720414492267,"expireAt":1720415092267,"owner":{"name":"Shaggo","op":false,"id":"b740200d-9d63-3312-852f-8cd4142c8482","entity-id":5890,"location":{"world":"world","x":162.32296583908698,"y":66.02442408821369,"z":47.804851551961754,"yaw":101.44165,"pitch":2.8700342}},"isProtected":false,"inventory":{"type":"CHEST","size":9,"content":[{"v":3700,"type":"WHEAT_SEEDS"},{"v":3700,"type":"STONE_PICKAXE","meta":{"meta-type":"UNSPECIFIC","Damage":85}},{"v":3700,"type":"OAK_PLANKS","amount":32},{"v":3700,"type":"WOODEN_AXE","meta":{"meta-type":"UNSPECIFIC","Damage":15}},{"v":3700,"type":"STICK","amount":3},{"v":3700,"type":"BIRCH_PLANKS","amount":7}]}}}"
"2024-07-08T04:56:26Z";"DESTROY_CHEST";"{"chest":{"location":{"world":"world","x":226.0,"y":-7.0,"z":62.0},"createdAt":1720413987961,"expireAt":1720414587961,"owner":{"name":"Shaggo","op":false,"id":"b740200d-9d63-3312-852f-8cd4142c8482","entity-id":264,"location":{"world":"world","x":126.24734360646433,"y":62.0,"z":50.578757559175266,"yaw":131.41124,"pitch":24.13944}},"isProtected":false,"inventory":{"type":"CHEST","size":27,"content":[{"v":3700,"type":"WOODEN_AXE","meta":{"meta-type":"UNSPECIFIC","Damage":7}},{"v":3700,"type":"WOODEN_AXE","meta":{"meta-type":"UNSPECIFIC","Damage":20}},{"v":3700,"type":"COOKED_BEEF","amount":3},{"v":3700,"type":"STONE_PICKAXE"},{"v":3700,"type":"STONE_PICKAXE","meta":{"meta-type":"UNSPECIFIC","Damage":2}},{"v":3700,"type":"STONE_PICKAXE","meta":{"meta-type":"UNSPECIFIC","Damage":110}},{"v":3700,"type":"STONE_AXE","meta":{"meta-type":"UNSPECIFIC","Damage":48}},{"v":3700,"type":"WOODEN_PICKAXE","meta":{"meta-type":"UNSPECIFIC","Damage":14}},{"v":3700,"type":"LEATHER","amount":5},{"v":3700,"type":"BOW","meta":{"meta-type":"UNSPECIFIC","Damage":338}},{"v":3700,"type":"DIORITE","amount":9},{"v":3700,"type":"ANDESITE","amount":12},{"v":3700,"type":"COBBLESTONE","amount":40},{"v":3700,"type":"OAK_PLANKS","amount":16},{"v":3700,"type":"GRANITE","amount":4},{"v":3700,"type":"BONE","amount":4},{"v":3700,"type":"COBBLED_DEEPSLATE","amount":15},{"v":3700,"type":"BIRCH_LOG","amount":5},{"v":3700,"type":"STICK","amount":2}]}},"reason":"EXPIRATION","extra":{"item-drops":false}}"
"2024-07-08T04:58:40Z";"DESTROY_CHEST";"{"chest":{"location":{"world":"world","x":132.0,"y":63.0,"z":58.0},"createdAt":1720414120632,"expireAt":1720414720632,"owner":{"name":"Shaggo","op":false,"id":"b740200d-9d63-3312-852f-8cd4142c8482","entity-id":264,"location":{"world":"world","x":126.24734360646433,"y":62.0,"z":50.578757559175266,"yaw":131.41124,"pitch":24.13944}},"isProtected":false,"inventory":{"type":"CHEST","size":9,"content":[{"v":3700,"type":"DIRT"}]}},"reason":"EXPIRATION","extra":{"item-drops":false}}"
"2024-07-08T05:04:51Z";"DESTROY_CHEST";"{"chest":{"location":{"world":"world","x":162.0,"y":66.0,"z":47.0},"createdAt":1720414492267,"expireAt":1720415092267,"owner":{"name":"Shaggo","op":false,"id":"b740200d-9d63-3312-852f-8cd4142c8482","entity-id":5890,"location":{"world":"world","x":-21.503523682803497,"y":56.0,"z":151.53549197519828,"yaw":-90.91871,"pitch":15.389784}},"isProtected":false,"inventory":{"type":"CHEST","size":9,"content":[{"v":3700,"type":"WHEAT_SEEDS"},{"v":3700,"type":"BIRCH_PLANKS","amount":7}]}},"reason":"EXPIRATION","extra":{"item-drops":false}}"
"2024-07-08T05:09:26Z";"CREATE_CHEST";"{"chest":{"location":{"world":"world","x":-3.0,"y":-25.0,"z":122.0},"createdAt":1720415366707,"expireAt":1720415966707,"owner":{"name":"Yuu_Tempest25","op":false,"id":"81c769a5-c4f8-3503-958e-788ebf5699f7","entity-id":29,"location":{"world":"world","x":-3.1008142979029616,"y":-25.0,"z":122.72157436853428,"yaw":112.687225,"pitch":7.800291}},"isProtected":false,"inventory":{"type":"CHEST","size":27,"content":[{"v":3700,"type":"DIAMOND_SWORD","meta":{"meta-type":"UNSPECIFIC","Damage":10}},{"v":3700,"type":"DIAMOND_PICKAXE","meta":{"meta-type":"UNSPECIFIC","Damage":48}},{"v":3700,"type":"IRON_AXE","meta":{"meta-type":"UNSPECIFIC","Damage":4}},{"v":3700,"type":"IRON_SHOVEL"},{"v":3700,"type":"COBBLED_DEEPSLATE","amount":15},{"v":3700,"type":"ROTTEN_FLESH"},{"v":3700,"type":"COBBLESTONE","amount":7},{"v":3700,"type":"TORCH","amount":17},{"v":3700,"type":"COOKED_PORKCHOP","amount":7},{"v":3700,"type":"GUNPOWDER","amount":2},{"v":3700,"type":"COAL","amount":11},{"v":3700,"type":"GOLD_INGOT","amount":2},{"v":3700,"type":"OAK_PLANKS","amount":21},{"v":3700,"type":"RAW_IRON","amount":23},{"v":3700,"type":"ANDESITE"},{"v":3700,"type":"FURNACE"},{"v":3700,"type":"DIAMOND"},{"v":3700,"type":"CRAFTING_TABLE"},{"v":3700,"type":"STICK","amount":61},{"v":3700,"type":"IRON_BOOTS","meta":{"meta-type":"ARMOR","Damage":8}},{"v":3700,"type":"IRON_CHESTPLATE","meta":{"meta-type":"ARMOR","Damage":8}},{"v":3700,"type":"IRON_HELMET","meta":{"meta-type":"ARMOR","Damage":8}},{"v":3700,"type":"SHIELD"}]}}}"
"2024-07-08T05:11:15Z";"CREATE_CHEST";"{"chest":{"location":{"world":"world","x":-8.0,"y":-24.0,"z":86.0},"createdAt":1720415475212,"expireAt":1720416075212,"owner":{"name":"Shaggo","op":false,"id":"b740200d-9d63-3312-852f-8cd4142c8482","entity-id":19936,"location":{"world":"world","x":-6.125313236268988,"y":-24.0,"z":87.75484141653811,"yaw":-80.65922,"pitch":32.996822}},"isProtected":false,"inventory":{"type":"CHEST","size":45,"content":[{"v":3700,"type":"IRON_SWORD","meta":{"meta-type":"UNSPECIFIC","Damage":47}},{"v":3700,"type":"IRON_PICKAXE","meta":{"meta-type":"UNSPECIFIC","Damage":88}},{"v":3700,"type":"IRON_AXE","meta":{"meta-type":"UNSPECIFIC","Damage":20}},{"v":3700,"type":"IRON_PICKAXE","meta":{"meta-type":"UNSPECIFIC","Damage":50}},{"v":3700,"type":"COBBLESTONE","amount":26},{"v":3700,"type":"COOKED_PORKCHOP","amount":2},{"v":3700,"type":"LAPIS_LAZULI","amount":26},{"v":3700,"type":"CRAFTING_TABLE"},{"v":3700,"type":"IRON_INGOT","amount":3},{"v":3700,"type":"COAL","amount":26},{"v":3700,"type":"OAK_PLANKS","amount":39},{"v":3700,"type":"FURNACE"},{"v":3700,"type":"STONE_AXE","meta":{"meta-type":"UNSPECIFIC","Damage":10}},{"v":3700,"type":"DIAMOND","amount":2},{"v":3700,"type":"STICK","amount":5},{"v":3700,"type":"RAW_IRON","amount":2},{"v":3700,"type":"CHEST","amount":2},{"v":3700,"type":"MELON_SEEDS","amount":2},{"v":3700,"type":"STRING","amount":7},{"v":3700,"type":"GUNPOWDER","amount":5},{"v":3700,"type":"ROTTEN_FLESH","amount":14},{"v":3700,"type":"BEETROOT_SEEDS","amount":3},{"v":3700,"type":"GOLDEN_HORSE_ARMOR"},{"v":3700,"type":"MUSIC_DISC_13"},{"v":3700,"type":"MUSIC_DISC_CAT"},{"v":3700,"type":"BONE","amount":3},{"v":3700,"type":"PUMPKIN_SEEDS","amount":2},{"v":3700,"type":"REDSTONE","amount":2},{"v":3700,"type":"OAK_FENCE","amount":2},{"v":3700,"type":"COBBLED_DEEPSLATE"},{"v":3700,"type":"RAW_GOLD","amount":2},{"v":3700,"type":"WHEAT","amount":4},{"v":3700,"type":"NAME_TAG"},{"v":3700,"type":"WHEAT_SEEDS"},{"v":3700,"type":"BREAD"},{"v":3700,"type":"ENCHANTED_BOOK","meta":{"meta-type":"ENCHANTED","stored-enchants":{"DAMAGE_ARTHROPODS":2}}},{"v":3700,"type":"IRON_BOOTS","meta":{"meta-type":"ARMOR","Damage":18}},{"v":3700,"type":"IRON_CHESTPLATE","meta":{"meta-type":"ARMOR","Damage":18}},{"v":3700,"type":"SHIELD","meta":{"meta-type":"TILE_ENTITY","Damage":24,"blockMaterial":"SHIELD"}}]}}}"
"2024-07-08T05:12:11Z";"DESTROY_CHEST";"{"chest":{"location":{"world":"world","x":-8.0,"y":-24.0,"z":86.0},"createdAt":1720415475212,"expireAt":1720416075212,"owner":{"name":"Shaggo","op":false,"id":"b740200d-9d63-3312-852f-8cd4142c8482","entity-id":19936,"location":{"world":"world","x":-5.094081037845894,"y":-24.0,"z":87.18472525406426,"yaw":103.50366,"pitch":24.907854}},"isProtected":false,"inventory":{"type":"CHEST","size":45,"content":[]}},"reason":"PLAYER","extra":{"player":{"name":"Shaggo","op":false,"id":"b740200d-9d63-3312-852f-8cd4142c8482","entity-id":19936,"location":{"world":"world","x":-5.094081037845894,"y":-24.0,"z":87.18472525406426,"yaw":103.50366,"pitch":24.907854}}}}"
"2024-07-08T05:13:34Z";"DESTROY_CHEST";"{"chest":{"location":{"world":"world","x":-3.0,"y":-25.0,"z":122.0},"createdAt":1720415366707,"expireAt":1720415966707,"owner":{"name":"Yuu_Tempest25","op":false,"id":"81c769a5-c4f8-3503-958e-788ebf5699f7","entity-id":29,"location":{"world":"world","x":-7.930270743292633,"y":-24.0,"z":88.86698385053005,"yaw":89.006775,"pitch":69.358864}},"isProtected":false,"inventory":{"type":"CHEST","size":27,"content":[{"v":3700,"type":"ROTTEN_FLESH"}]}},"reason":"BREAK","extra":{"player":{"name":"Shaggo","op":false,"id":"b740200d-9d63-3312-852f-8cd4142c8482","entity-id":19936,"location":{"world":"world","x":-5.480425742993788,"y":-25.0,"z":123.03666175942756,"yaw":-100.29363,"pitch":22.069424}}}}"
"2024-07-08T05:14:58Z";"CREATE_CHEST";"{"chest":{"location":{"world":"world","x":-52.0,"y":-31.0,"z":56.0},"createdAt":1720415698260,"expireAt":1720416298260,"owner":{"name":"Yuu_Tempest25","op":false,"id":"81c769a5-c4f8-3503-958e-788ebf5699f7","entity-id":29,"location":{"world":"world","x":-51.394286341611846,"y":-31.0,"z":56.69999998807907,"yaw":-166.32922,"pitch":11.250446}},"isProtected":false,"inventory":{"type":"CHEST","size":27,"content":[{"v":3700,"type":"DIAMOND_SWORD","meta":{"meta-type":"UNSPECIFIC","Damage":37}},{"v":3700,"type":"DIAMOND_PICKAXE","meta":{"meta-type":"UNSPECIFIC","Damage":49}},{"v":3700,"type":"IRON_AXE","meta":{"meta-type":"UNSPECIFIC","Damage":4}},{"v":3700,"type":"IRON_SHOVEL"},{"v":3700,"type":"TORCH","amount":31},{"v":3700,"type":"COOKED_PORKCHOP","amount":6},{"v":3700,"type":"COBBLESTONE","amount":7},{"v":3700,"type":"GUNPOWDER","amount":2},{"v":3700,"type":"ANDESITE"},{"v":3700,"type":"OAK_PLANKS","amount":21},{"v":3700,"type":"COBBLED_DEEPSLATE","amount":15},{"v":3700,"type":"GOLD_INGOT","amount":2},{"v":3700,"type":"COAL"},{"v":3700,"type":"DIAMOND"},{"v":3700,"type":"RAW_IRON"},{"v":3700,"type":"STICK","amount":56},{"v":3700,"type":"IRON_BOOTS","meta":{"meta-type":"ARMOR","Damage":21}},{"v":3700,"type":"IRON_LEGGINGS","meta":{"meta-type":"ARMOR","Damage":13}},{"v":3700,"type":"IRON_CHESTPLATE","meta":{"meta-type":"ARMOR","Damage":21}},{"v":3700,"type":"IRON_HELMET","meta":{"meta-type":"ARMOR","Damage":21}},{"v":3700,"type":"SHIELD"}]}}}"
"2024-07-08T05:24:57Z";"DESTROY_CHEST";"{"chest":{"location":{"world":"world","x":-52.0,"y":-31.0,"z":56.0},"createdAt":1720415698260,"expireAt":1720416298260,"owner":{"name":"Yuu_Tempest25","op":false,"id":"81c769a5-c4f8-3503-958e-788ebf5699f7","entity-id":29,"location":{"world":"world","x":99.53691027927223,"y":69.76636799395752,"z":83.69999998807907,"yaw":-52.787506,"pitch":63.900063}},"isProtected":false,"inventory":{"type":"CHEST","size":27,"content":[{"v":3700,"type":"DIAMOND_SWORD","meta":{"meta-type":"UNSPECIFIC","Damage":37}},{"v":3700,"type":"DIAMOND_PICKAXE","meta":{"meta-type":"UNSPECIFIC","Damage":49}},{"v":3700,"type":"IRON_AXE","meta":{"meta-type":"UNSPECIFIC","Damage":4}},{"v":3700,"type":"IRON_SHOVEL"},{"v":3700,"type":"TORCH","amount":31},{"v":3700,"type":"COOKED_PORKCHOP","amount":6},{"v":3700,"type":"COBBLESTONE","amount":7},{"v":3700,"type":"GUNPOWDER","amount":2},{"v":3700,"type":"ANDESITE"},{"v":3700,"type":"OAK_PLANKS","amount":21},{"v":3700,"type":"COBBLED_DEEPSLATE","amount":15},{"v":3700,"type":"GOLD_INGOT","amount":2},{"v":3700,"type":"COAL"},{"v":3700,"type":"DIAMOND"},{"v":3700,"type":"RAW_IRON"},{"v":3700,"type":"STICK","amount":56},{"v":3700,"type":"IRON_BOOTS","meta":{"meta-type":"ARMOR","Damage":21}},{"v":3700,"type":"IRON_LEGGINGS","meta":{"meta-type":"ARMOR","Damage":13}},{"v":3700,"type":"IRON_CHESTPLATE","meta":{"meta-type":"ARMOR","Damage":21}},{"v":3700,"type":"IRON_HELMET","meta":{"meta-type":"ARMOR","Damage":21}},{"v":3700,"type":"SHIELD"}]}},"reason":"EXPIRATION","extra":{"item-drops":false}}"
"2024-07-08T05:29:13Z";"CREATE_CHEST";"{"chest":{"location":{"world":"world","x":1624.0,"y":58.0,"z":477.0},"createdAt":1720416553461,"expireAt":1720417153461,"owner":{"name":"AKUNE_","op":false,"id":"613842ed-33ba-3977-99cd-4d685214d518","entity-id":19960,"location":{"world":"world","x":1622.9667542073662,"y":58.93417170574275,"z":476.54223086988657,"yaw":131.573,"pitch":5.5894527}},"isProtected":false,"inventory":{"type":"CHEST","size":36,"content":[{"v":3700,"type":"IRON_SWORD","meta":{"meta-type":"UNSPECIFIC","Damage":110}},{"v":3700,"type":"FISHING_ROD","meta":{"meta-type":"UNSPECIFIC","enchants":{"MENDING":1}}},{"v":3700,"type":"COBBLED_DEEPSLATE","amount":12},{"v":3700,"type":"CRAFTING_TABLE"},{"v":3700,"type":"IRON_INGOT","amount":10},{"v":3700,"type":"DIAMOND_AXE","meta":{"meta-type":"UNSPECIFIC","Damage":33}},{"v":3700,"type":"DIAMOND_PICKAXE"},{"v":3700,"type":"WOODEN_SHOVEL","meta":{"meta-type":"UNSPECIFIC","Damage":11}},{"v":3700,"type":"COOKED_BEEF"},{"v":3700,"type":"COBBLESTONE","amount":2},{"v":3700,"type":"DIRT","amount":5},{"v":3700,"type":"WHEAT","amount":3},{"v":3700,"type":"COAL","amount":8},{"v":3700,"type":"SUSPICIOUS_STEW","meta":{"meta-type":"SUSPICIOUS_STEW","effects":[{}]}},{"v":3700,"type":"PUMPKIN","amount":2},{"v":3700,"type":"GUNPOWDER"},{"v":3700,"type":"FLOWERING_AZALEA","amount":5},{"v":3700,"type":"POTATO","amount":6},{"v":3700,"type":"SPRUCE_PLANKS","amount":64},{"v":3700,"type":"ENDER_PEARL"},{"v":3700,"type":"GRAVEL"},{"v":3700,"type":"TNT","amount":2},{"v":3700,"type":"SPRUCE_PLANKS","amount":2},{"v":3700,"type":"STRING"},{"v":3700,"type":"ARROW","amount":6},{"v":3700,"type":"KELP","amount":13},{"v":3700,"type":"WHEAT_SEEDS"},{"v":3700,"type":"WHITE_WOOL","amount":2},{"v":3700,"type":"WOODEN_PICKAXE","meta":{"meta-type":"UNSPECIFIC","Damage":34}},{"v":3700,"type":"SPRUCE_LOG","amount":17},{"v":3700,"type":"STONE_AXE","meta":{"meta-type":"UNSPECIFIC","Damage":9}},{"v":3700,"type":"COOKED_MUTTON"},{"v":3700,"type":"COAST_ARMOR_TRIM_SMITHING_TEMPLATE","amount":2},{"v":3700,"type":"IRON_PICKAXE","meta":{"meta-type":"UNSPECIFIC","Damage":189}},{"v":3700,"type":"DIAMOND_CHESTPLATE","meta":{"meta-type":"ARMOR","Damage":7}}]}}}"
"2024-07-08T05:30:42Z";"CREATE_CHEST";"{"chest":{"location":{"world":"world","x":1622.0,"y":55.0,"z":481.0},"createdAt":1720416642311,"expireAt":1720417242311,"owner":{"name":"AKUNE_","op":false,"id":"613842ed-33ba-3977-99cd-4d685214d518","entity-id":19960,"location":{"world":"world","x":1622.7075910330882,"y":55.97734096504106,"z":481.1171628701454,"yaw":-88.68896,"pitch":-41.603756}},"isProtected":false,"inventory":{"type":"CHEST","size":36,"content":[{"v":3700,"type":"STONE_SWORD","meta":{"meta-type":"UNSPECIFIC","Damage":20}},{"v":3700,"type":"FISHING_ROD","meta":{"meta-type":"UNSPECIFIC","enchants":{"MENDING":1}}},{"v":3700,"type":"COBBLED_DEEPSLATE","amount":12},{"v":3700,"type":"IRON_INGOT","amount":10},{"v":3700,"type":"DIAMOND_AXE","meta":{"meta-type":"UNSPECIFIC","Damage":33}},{"v":3700,"type":"COAST_ARMOR_TRIM_SMITHING_TEMPLATE","amount":2},{"v":3700,"type":"TNT","amount":2},{"v":3700,"type":"ENDER_PEARL"},{"v":3700,"type":"COAL","amount":8},{"v":3700,"type":"SPRUCE_PLANKS","amount":2},{"v":3700,"type":"WHITE_WOOL","amount":2},{"v":3700,"type":"WOODEN_PICKAXE","meta":{"meta-type":"UNSPECIFIC","Damage":34}},{"v":3700,"type":"IRON_PICKAXE","meta":{"meta-type":"UNSPECIFIC","Damage":189}},{"v":3700,"type":"GUNPOWDER"},{"v":3700,"type":"WOODEN_SHOVEL","meta":{"meta-type":"UNSPECIFIC","Damage":11}},{"v":3700,"type":"DIAMOND_PICKAXE"},{"v":3700,"type":"COOKED_BEEF"},{"v":3700,"type":"FLOWERING_AZALEA","amount":5},{"v":3700,"type":"POTATO","amount":6},{"v":3700,"type":"KELP","amount":13},{"v":3700,"type":"ARROW","amount":6},{"v":3700,"type":"STRING"},{"v":3700,"type":"PUMPKIN","amount":2},{"v":3700,"type":"SPRUCE_PLANKS","amount":64},{"v":3700,"type":"CRAFTING_TABLE"},{"v":3700,"type":"SUSPICIOUS_STEW","meta":{"meta-type":"SUSPICIOUS_STEW","effects":[{}]}},{"v":3700,"type":"GRAVEL"},{"v":3700,"type":"STONE_AXE","meta":{"meta-type":"UNSPECIFIC","Damage":9}},{"v":3700,"type":"SPRUCE_LOG","amount":17},{"v":3700,"type":"WHEAT","amount":3},{"v":3700,"type":"COBBLESTONE","amount":2},{"v":3700,"type":"DIRT","amount":5},{"v":3700,"type":"IRON_SWORD","meta":{"meta-type":"UNSPECIFIC","Damage":110}},{"v":3700,"type":"DIAMOND_CHESTPLATE","meta":{"meta-type":"ARMOR","Damage":13}}]}}}"
"2024-07-08T05:32:40Z";"CREATE_CHEST";"{"chest":{"location":{"world":"world","x":1622.0,"y":57.0,"z":483.0},"createdAt":1720416760263,"expireAt":1720417360263,"owner":{"name":"AKUNE_","op":false,"id":"613842ed-33ba-3977-99cd-4d685214d518","entity-id":19960,"location":{"world":"world","x":1622.5862113686678,"y":55.875,"z":481.53043082481776,"yaw":116.90541,"pitch":84.88164}},"isProtected":false,"inventory":{"type":"CHEST","size":9,"content":[{"v":3700,"type":"DIRT","amount":5},{"v":3700,"type":"IRON_SWORD","meta":{"meta-type":"UNSPECIFIC","Damage":110}},{"v":3700,"type":"SPRUCE_PLANKS","amount":64},{"v":3700,"type":"PUMPKIN","amount":2},{"v":3700,"type":"DIAMOND_CHESTPLATE","meta":{"meta-type":"ARMOR","Damage":15}}]}}}"
"2024-07-08T05:33:55Z";"CREATE_CHEST";"{"chest":{"location":{"world":"world","x":1622.0,"y":53.0,"z":486.0},"createdAt":1720416835059,"expireAt":1720417435059,"owner":{"name":"AKUNE_","op":false,"id":"613842ed-33ba-3977-99cd-4d685214d518","entity-id":19960,"location":{"world":"world","x":1622.023980590902,"y":54.72844167992847,"z":487.228424780656,"yaw":86.77951,"pitch":-21.268444}},"isProtected":false,"inventory":{"type":"CHEST","size":36,"content":[{"v":3700,"type":"COAL","amount":26},{"v":3700,"type":"SPRUCE_PLANKS","amount":6},{"v":3700,"type":"BIRCH_LOG"},{"v":3700,"type":"WOODEN_SHOVEL"},{"v":3700,"type":"STICK","amount":16},{"v":3700,"type":"ARROW","amount":6},{"v":3700,"type":"WHEAT","amount":3},{"v":3700,"type":"STRING"},{"v":3700,"type":"SPRUCE_SAPLING"},{"v":3700,"type":"RAW_IRON","amount":47},{"v":3700,"type":"WOODEN_PICKAXE","meta":{"meta-type":"UNSPECIFIC","Damage":16}},{"v":3700,"type":"WOODEN_SWORD"},{"v":3700,"type":"MAGMA_BLOCK"},{"v":3700,"type":"FILLED_MAP","meta":{"meta-type":"MAP","display-name":"{\"translate\":\"filled_map.buried_treasure\"}","internal":"H4sIAAAAAAAA/+NiYOBk4HZJTc4vSizJzM8r5mJgYGBkZGApqSxIlWJjYKxwmKvCAAIcDEyZKQyM2kCxKoc+D7AYGwNzUX6JQ1oDAwQAAMpzyAhOAAAA","map-id":3}},{"v":3700,"type":"BROWN_WOOL"},{"v":3700,"type":"PAPER","amount":15},{"v":3700,"type":"SUGAR_CANE","amount":9},{"v":3700,"type":"STONE_SHOVEL"},{"v":3700,"type":"BIRCH_PLANKS","amount":4},{"v":3700,"type":"LEATHER","amount":5},{"v":3700,"type":"OAK_PLANKS","amount":5},{"v":3700,"type":"ROTTEN_FLESH","amount":7},{"v":3700,"type":"STONE_PICKAXE","meta":{"meta-type":"UNSPECIFIC","Damage":85}},{"v":3700,"type":"WOODEN_AXE","meta":{"meta-type":"UNSPECIFIC","Damage":24}},{"v":3700,"type":"BOW","meta":{"meta-type":"UNSPECIFIC","Damage":329}},{"v":3700,"type":"WOODEN_AXE","meta":{"meta-type":"UNSPECIFIC","Damage":44}},{"v":3700,"type":"WOODEN_AXE","meta":{"meta-type":"UNSPECIFIC","Damage":15}},{"v":3700,"type":"WOODEN_PICKAXE","meta":{"meta-type":"UNSPECIFIC","Damage":9}},{"v":3700,"type":"OAK_LOG","amount":31},{"v":3700,"type":"STONE_PICKAXE","meta":{"meta-type":"UNSPECIFIC","Damage":22}},{"v":3700,"type":"STONE_AXE","meta":{"meta-type":"UNSPECIFIC","Damage":32}},{"v":3700,"type":"OAK_CHEST_BOAT"}]}}}"
"2024-07-08T05:34:54Z";"CREATE_CHEST";"{"chest":{"location":{"world":"world","x":1623.0,"y":54.0,"z":483.0},"createdAt":1720416894164,"expireAt":1720417494164,"owner":{"name":"AKUNE_","op":false,"id":"613842ed-33ba-3977-99cd-4d685214d518","entity-id":19960,"location":{"world":"world","x":1623.7452657194206,"y":55.98095911931363,"z":481.7224698914317,"yaw":109.03242,"pitch":22.855225}},"isProtected":false,"inventory":{"type":"CHEST","size":9,"content":[{"v":3700,"type":"SPRUCE_PLANKS","amount":20}]}}}"
"2024-07-08T05:35:22Z";"CREATE_CHEST";"{"chest":{"location":{"world":"world","x":1131.0,"y":66.0,"z":363.0},"createdAt":1720416922732,"expireAt":1720417522732,"owner":{"name":"AKUNE_","op":false,"id":"613842ed-33ba-3977-99cd-4d685214d518","entity-id":19960,"location":{"world":"world","x":1131.0331447695394,"y":66.0,"z":363.82837301293586,"yaw":1.9730515,"pitch":19.489485}},"isProtected":false,"inventory":{"type":"CHEST","size":9,"content":[{"v":3700,"type":"STICK"},{"v":3700,"type":"SPRUCE_SAPLING"}]}}}"
"2024-07-08T05:35:22Z";"DESTROY_CHEST";"{"chest":{"location":{"world":"world","x":1131.0,"y":66.0,"z":363.0},"createdAt":1720416922732,"expireAt":1720417522732,"owner":{"name":"AKUNE_","op":false,"id":"613842ed-33ba-3977-99cd-4d685214d518","entity-id":19960,"location":{"world":"world","x":1131.0331447695394,"y":66.0,"z":363.82837301293586,"yaw":1.9730515,"pitch":19.489485}},"isProtected":false,"inventory":{"type":"CHEST","size":9,"content":[]}},"reason":"ENTITY_EXPLOSION","extra":{"entity":{"name":"Creeper","op":false,"id":"1c8ecae6-0276-414b-b3a8-d7499d8e6f2f","entity-id":40741,"location":{"world":"world","x":1132.3550169934595,"y":66.0,"z":361.4703866160491,"yaw":27.39849,"pitch":-3.764508}}}}"
"2024-07-08T05:51:52Z";"DESTROY_CHEST";"{"chest":{"location":{"world":"world","x":1624.0,"y":58.0,"z":477.0},"createdAt":1720416553461,"expireAt":1720417153461,"owner":{},"isProtected":false,"inventory":{"type":"CHEST","size":9,"content":[{"v":3700,"type":"WHEAT_SEEDS"}]}},"reason":"EXPIRATION","extra":{"item-drops":false}}"
"2024-07-08T05:51:52Z";"DESTROY_CHEST";"{"chest":{"location":{"world":"world","x":1622.0,"y":57.0,"z":483.0},"createdAt":1720416760263,"expireAt":1720417360263,"owner":{},"isProtected":false,"inventory":{"type":"CHEST","size":9,"content":[{"v":3700,"type":"DIRT","amount":5},{"v":3700,"type":"IRON_SWORD","meta":{"meta-type":"UNSPECIFIC","Damage":110}},{"v":3700,"type":"SPRUCE_PLANKS","amount":64},{"v":3700,"type":"PUMPKIN","amount":2},{"v":3700,"type":"DIAMOND_CHESTPLATE","meta":{"meta-type":"ARMOR","Damage":15}}]}},"reason":"EXPIRATION","extra":{"item-drops":false}}"
"2024-07-08T05:51:52Z";"DESTROY_CHEST";"{"chest":{"location":{"world":"world","x":1622.0,"y":53.0,"z":486.0},"createdAt":1720416835059,"expireAt":1720417435059,"owner":{},"isProtected":false,"inventory":{"type":"CHEST","size":36,"content":[{"v":3700,"type":"COAL","amount":26},{"v":3700,"type":"SPRUCE_PLANKS","amount":6},{"v":3700,"type":"BIRCH_LOG"},{"v":3700,"type":"WOODEN_SHOVEL"},{"v":3700,"type":"STICK","amount":16},{"v":3700,"type":"ARROW","amount":6},{"v":3700,"type":"WHEAT","amount":3},{"v":3700,"type":"STRING"},{"v":3700,"type":"SPRUCE_SAPLING"},{"v":3700,"type":"RAW_IRON","amount":47},{"v":3700,"type":"WOODEN_PICKAXE","meta":{"meta-type":"UNSPECIFIC","Damage":16}},{"v":3700,"type":"WOODEN_SWORD"},{"v":3700,"type":"MAGMA_BLOCK"},{"v":3700,"type":"FILLED_MAP","meta":{"meta-type":"MAP","display-name":"{\"translate\":\"filled_map.buried_treasure\"}","internal":"H4sIAAAAAAAA/+NiYOBk4HZJTc4vSizJzM8r5mJgYGBkZGApqSxIlWJjYC7KL3FIa2AAAQ4GpswUBkZtNgbGKoc+D7AYkF3hMFeFAQIAMnN/1E4AAAA\u003d","map-id":3}},{"v":3700,"type":"BROWN_WOOL"},{"v":3700,"type":"PAPER","amount":15},{"v":3700,"type":"SUGAR_CANE","amount":9},{"v":3700,"type":"STONE_SHOVEL"},{"v":3700,"type":"BIRCH_PLANKS","amount":4},{"v":3700,"type":"LEATHER","amount":5},{"v":3700,"type":"OAK_PLANKS","amount":5},{"v":3700,"type":"ROTTEN_FLESH","amount":7},{"v":3700,"type":"STONE_PICKAXE","meta":{"meta-type":"UNSPECIFIC","Damage":85}},{"v":3700,"type":"WOODEN_AXE","meta":{"meta-type":"UNSPECIFIC","Damage":24}},{"v":3700,"type":"BOW","meta":{"meta-type":"UNSPECIFIC","Damage":329}},{"v":3700,"type":"WOODEN_AXE","meta":{"meta-type":"UNSPECIFIC","Damage":44}},{"v":3700,"type":"WOODEN_AXE","meta":{"meta-type":"UNSPECIFIC","Damage":15}},{"v":3700,"type":"WOODEN_PICKAXE","meta":{"meta-type":"UNSPECIFIC","Damage":9}},{"v":3700,"type":"OAK_LOG","amount":31},{"v":3700,"type":"STONE_PICKAXE","meta":{"meta-type":"UNSPECIFIC","Damage":22}},{"v":3700,"type":"STONE_AXE","meta":{"meta-type":"UNSPECIFIC","Damage":32}},{"v":3700,"type":"OAK_CHEST_BOAT"}]}},"reason":"EXPIRATION","extra":{"item-drops":false}}"
"2024-07-08T05:51:52Z";"DESTROY_CHEST";"{"chest":{"location":{"world":"world","x":1622.0,"y":55.0,"z":481.0},"createdAt":1720416642311,"expireAt":1720417242311,"owner":{},"isProtected":false,"inventory":{"type":"CHEST","size":27,"content":[{"v":3700,"type":"STONE_SWORD","meta":{"meta-type":"UNSPECIFIC","Damage":20}},{"v":3700,"type":"FISHING_ROD","meta":{"meta-type":"UNSPECIFIC","enchants":{"MENDING":1}}},{"v":3700,"type":"COBBLED_DEEPSLATE","amount":12},{"v":3700,"type":"IRON_INGOT","amount":10},{"v":3700,"type":"DIAMOND_AXE","meta":{"meta-type":"UNSPECIFIC","Damage":33}},{"v":3700,"type":"COAST_ARMOR_TRIM_SMITHING_TEMPLATE","amount":2},{"v":3700,"type":"TNT","amount":2},{"v":3700,"type":"ENDER_PEARL"},{"v":3700,"type":"COAL","amount":8},{"v":3700,"type":"SPRUCE_PLANKS","amount":2},{"v":3700,"type":"WHITE_WOOL","amount":2},{"v":3700,"type":"WOODEN_PICKAXE","meta":{"meta-type":"UNSPECIFIC","Damage":34}},{"v":3700,"type":"IRON_PICKAXE","meta":{"meta-type":"UNSPECIFIC","Damage":189}},{"v":3700,"type":"GUNPOWDER"},{"v":3700,"type":"WOODEN_SHOVEL","meta":{"meta-type":"UNSPECIFIC","Damage":11}},{"v":3700,"type":"DIAMOND_PICKAXE"},{"v":3700,"type":"COOKED_BEEF"},{"v":3700,"type":"FLOWERING_AZALEA","amount":5},{"v":3700,"type":"POTATO","amount":6},{"v":3700,"type":"KELP","amount":13},{"v":3700,"type":"CRAFTING_TABLE"},{"v":3700,"type":"SUSPICIOUS_STEW","meta":{"meta-type":"SUSPICIOUS_STEW","effects":[{}]}},{"v":3700,"type":"GRAVEL"},{"v":3700,"type":"STONE_AXE","meta":{"meta-type":"UNSPECIFIC","Damage":9}},{"v":3700,"type":"SPRUCE_LOG","amount":17},{"v":3700,"type":"COBBLESTONE","amount":2}]}},"reason":"EXPIRATION","extra":{"item-drops":false}}"
"2024-07-08T05:51:52Z";"DESTROY_CHEST";"{"chest":{"location":{"world":"world","x":1623.0,"y":54.0,"z":483.0},"createdAt":1720416894164,"expireAt":1720417494164,"owner":{},"isProtected":false,"inventory":{"type":"CHEST","size":9,"content":[{"v":3700,"type":"SPRUCE_PLANKS","amount":20}]}},"reason":"EXPIRATION","extra":{"item-drops":false}}"
"2024-07-08T05:55:43Z";"DESTROY_CHEST";"{"chest":{"location":{"world":"world","x":1624.0,"y":58.0,"z":477.0},"createdAt":1720416553461,"expireAt":1720417153461,"owner":{},"isProtected":false,"inventory":{"type":"CHEST","size":9,"content":[{"v":3700,"type":"WHEAT_SEEDS"}]}},"reason":"EXPIRATION","extra":{"item-drops":false}}"
"2024-07-08T05:55:44Z";"DESTROY_CHEST";"{"chest":{"location":{"world":"world","x":1622.0,"y":57.0,"z":483.0},"createdAt":1720416760263,"expireAt":1720417360263,"owner":{},"isProtected":false,"inventory":{"type":"CHEST","size":9,"content":[{"v":3700,"type":"DIRT","amount":5},{"v":3700,"type":"IRON_SWORD","meta":{"meta-type":"UNSPECIFIC","Damage":110}},{"v":3700,"type":"SPRUCE_PLANKS","amount":64},{"v":3700,"type":"PUMPKIN","amount":2},{"v":3700,"type":"DIAMOND_CHESTPLATE","meta":{"meta-type":"ARMOR","Damage":15}}]}},"reason":"EXPIRATION","extra":{"item-drops":false}}"
"2024-07-08T05:55:44Z";"DESTROY_CHEST";"{"chest":{"location":{"world":"world","x":1622.0,"y":53.0,"z":486.0},"createdAt":1720416835059,"expireAt":1720417435059,"owner":{},"isProtected":false,"inventory":{"type":"CHEST","size":36,"content":[{"v":3700,"type":"COAL","amount":26},{"v":3700,"type":"SPRUCE_PLANKS","amount":6},{"v":3700,"type":"BIRCH_LOG"},{"v":3700,"type":"WOODEN_SHOVEL"},{"v":3700,"type":"STICK","amount":16},{"v":3700,"type":"ARROW","amount":6},{"v":3700,"type":"WHEAT","amount":3},{"v":3700,"type":"STRING"},{"v":3700,"type":"SPRUCE_SAPLING"},{"v":3700,"type":"RAW_IRON","amount":47},{"v":3700,"type":"WOODEN_PICKAXE","meta":{"meta-type":"UNSPECIFIC","Damage":16}},{"v":3700,"type":"WOODEN_SWORD"},{"v":3700,"type":"MAGMA_BLOCK"},{"v":3700,"type":"FILLED_MAP","meta":{"meta-type":"MAP","display-name":"{\"translate\":\"filled_map.buried_treasure\"}","internal":"H4sIAAAAAAAA/+NiYOBk4HZJTc4vSizJzM8r5mJgYGBkZGApqSxIlWJjYC7KL3FIa2AAAQ4GpswUBkZtNgbGKoc+D7AYkF3hMFeFAQIAMnN/1E4AAAA\u003d","map-id":3}},{"v":3700,"type":"BROWN_WOOL"},{"v":3700,"type":"PAPER","amount":15},{"v":3700,"type":"SUGAR_CANE","amount":9},{"v":3700,"type":"STONE_SHOVEL"},{"v":3700,"type":"BIRCH_PLANKS","amount":4},{"v":3700,"type":"LEATHER","amount":5},{"v":3700,"type":"OAK_PLANKS","amount":5},{"v":3700,"type":"ROTTEN_FLESH","amount":7},{"v":3700,"type":"STONE_PICKAXE","meta":{"meta-type":"UNSPECIFIC","Damage":85}},{"v":3700,"type":"WOODEN_AXE","meta":{"meta-type":"UNSPECIFIC","Damage":24}},{"v":3700,"type":"BOW","meta":{"meta-type":"UNSPECIFIC","Damage":329}},{"v":3700,"type":"WOODEN_AXE","meta":{"meta-type":"UNSPECIFIC","Damage":44}},{"v":3700,"type":"WOODEN_AXE","meta":{"meta-type":"UNSPECIFIC","Damage":15}},{"v":3700,"type":"WOODEN_PICKAXE","meta":{"meta-type":"UNSPECIFIC","Damage":9}},{"v":3700,"type":"OAK_LOG","amount":31},{"v":3700,"type":"STONE_PICKAXE","meta":{"meta-type":"UNSPECIFIC","Damage":22}},{"v":3700,"type":"STONE_AXE","meta":{"meta-type":"UNSPECIFIC","Damage":32}},{"v":3700,"type":"OAK_CHEST_BOAT"}]}},"reason":"EXPIRATION","extra":{"item-drops":false}}"
"2024-07-08T05:55:44Z";"DESTROY_CHEST";"{"chest":{"location":{"world":"world","x":1622.0,"y":55.0,"z":481.0},"createdAt":1720416642311,"expireAt":1720417242311,"owner":{},"isProtected":false,"inventory":{"type":"CHEST","size":27,"content":[{"v":3700,"type":"STONE_SWORD","meta":{"meta-type":"UNSPECIFIC","Damage":20}},{"v":3700,"type":"FISHING_ROD","meta":{"meta-type":"UNSPECIFIC","enchants":{"MENDING":1}}},{"v":3700,"type":"COBBLED_DEEPSLATE","amount":12},{"v":3700,"type":"IRON_INGOT","amount":10},{"v":3700,"type":"DIAMOND_AXE","meta":{"meta-type":"UNSPECIFIC","Damage":33}},{"v":3700,"type":"COAST_ARMOR_TRIM_SMITHING_TEMPLATE","amount":2},{"v":3700,"type":"TNT","amount":2},{"v":3700,"type":"ENDER_PEARL"},{"v":3700,"type":"COAL","amount":8},{"v":3700,"type":"SPRUCE_PLANKS","amount":2},{"v":3700,"type":"WHITE_WOOL","amount":2},{"v":3700,"type":"WOODEN_PICKAXE","meta":{"meta-type":"UNSPECIFIC","Damage":34}},{"v":3700,"type":"IRON_PICKAXE","meta":{"meta-type":"UNSPECIFIC","Damage":189}},{"v":3700,"type":"GUNPOWDER"},{"v":3700,"type":"WOODEN_SHOVEL","meta":{"meta-type":"UNSPECIFIC","Damage":11}},{"v":3700,"type":"DIAMOND_PICKAXE"},{"v":3700,"type":"COOKED_BEEF"},{"v":3700,"type":"FLOWERING_AZALEA","amount":5},{"v":3700,"type":"POTATO","amount":6},{"v":3700,"type":"KELP","amount":13},{"v":3700,"type":"CRAFTING_TABLE"},{"v":3700,"type":"SUSPICIOUS_STEW","meta":{"meta-type":"SUSPICIOUS_STEW","effects":[{}]}},{"v":3700,"type":"GRAVEL"},{"v":3700,"type":"STONE_AXE","meta":{"meta-type":"UNSPECIFIC","Damage":9}},{"v":3700,"type":"SPRUCE_LOG","amount":17},{"v":3700,"type":"COBBLESTONE","amount":2}]}},"reason":"EXPIRATION","extra":{"item-drops":false}}"
"2024-07-08T05:55:44Z";"DESTROY_CHEST";"{"chest":{"location":{"world":"world","x":1623.0,"y":54.0,"z":483.0},"createdAt":1720416894164,"expireAt":1720417494164,"owner":{},"isProtected":false,"inventory":{"type":"CHEST","size":9,"content":[{"v":3700,"type":"SPRUCE_PLANKS","amount":20}]}},"reason":"EXPIRATION","extra":{"item-drops":false}}"
"2024-07-08T06:01:31Z";"CREATE_CHEST";"{"chest":{"location":{"world":"world","x":-17.0,"y":70.0,"z":9969.0},"createdAt":1720418491599,"expireAt":1720419091599,"owner":{"name":"DreyGames","op":true,"id":"4cda3494-cc2f-4b6b-b1a1-0220cf483329","entity-id":256,"location":{"world":"world","x":-16.46021858944277,"y":70.0,"z":9969.483548757848,"yaw":-96.28977,"pitch":52.499588}},"isProtected":false,"inventory":{"type":"CHEST","size":9,"content":[{"v":3700,"type":"STICK","amount":2},{"v":3700,"type":"COOKED_BEEF","amount":62}]}}}"
"2024-07-08T06:14:17Z";"DESTROY_CHEST";"{"chest":{"location":{"world":"world","x":-17.0,"y":70.0,"z":9969.0},"createdAt":1720418491599,"expireAt":1720419091599,"owner":{},"isProtected":false,"inventory":{"type":"CHEST","size":9,"content":[{"v":3700,"type":"STICK","amount":2},{"v":3700,"type":"COOKED_BEEF","amount":62}]}},"reason":"EXPIRATION","extra":{"item-drops":false}}"
