{"stats":{"minecraft:custom":{"minecraft:jump":78,"minecraft:time_since_rest":1167,"minecraft:leave_game":1,"minecraft:crouch_one_cm":113,"minecraft:damage_dealt":673,"minecraft:sprint_one_cm":1554,"minecraft:deaths":2,"minecraft:play_time":8046,"minecraft:damage_taken":1059,"minecraft:time_since_death":1134,"minecraft:walk_one_cm":23501,"minecraft:sneak_time":14,"minecraft:climb_one_cm":1307,"minecraft:total_world_time":8046,"minecraft:fall_one_cm":6047,"minecraft:fly_one_cm":9233,"minecraft:player_kills":1},"minecraft:killed_by":{"minecraft:player":1}},"DataVersion":3700}