{"stats":{"minecraft:mined":{"minecraft:fire":2},"minecraft:custom":{"minecraft:jump":70,"minecraft:time_since_rest":15326,"minecraft:leave_game":1,"minecraft:damage_dealt":167,"minecraft:crouch_one_cm":182,"minecraft:deaths":1,"minecraft:sprint_one_cm":8733,"minecraft:play_time":23612,"minecraft:damage_taken":661,"minecraft:time_since_death":15254,"minecraft:walk_one_cm":24458,"minecraft:sneak_time":219,"minecraft:climb_one_cm":2721,"minecraft:total_world_time":23612,"minecraft:fall_one_cm":2763,"minecraft:fly_one_cm":4134},"minecraft:killed_by":{"minecraft:player":1}},"DataVersion":3700}