{"stats":{"minecraft:picked_up":{"minecraft:stick":2,"minecraft:oak_log":1},"minecraft:used":{"minecraft:oak_log":1,"minecraft:cooked_beef":2},"minecraft:mined":{"minecraft:oak_log":1,"minecraft:birch_leaves":1,"minecraft:oak_leaves":9},"minecraft:custom":{"minecraft:jump":267,"minecraft:deaths":1,"minecraft:time_since_rest":1802,"minecraft:crouch_one_cm":5,"minecraft:damage_taken":15230,"minecraft:play_time":23807,"minecraft:leave_game":5,"minecraft:sprint_one_cm":35265,"minecraft:time_since_death":1782,"minecraft:walk_one_cm":24293,"minecraft:sneak_time":131,"minecraft:total_world_time":23807,"minecraft:fall_one_cm":7610,"minecraft:fly_one_cm":177405}},"DataVersion":3700}