{"stats":{"minecraft:mined":{"minecraft:oak_log":1,"minecraft:birch_leaves":1,"minecraft:oak_leaves":7},"minecraft:picked_up":{"minecraft:stick":2,"minecraft:oak_log":1},"minecraft:used":{"minecraft:oak_log":1,"minecraft:cooked_beef":2},"minecraft:custom":{"minecraft:jump":177,"minecraft:time_since_rest":15364,"minecraft:damage_taken":110,"minecraft:play_time":15364,"minecraft:leave_game":4,"minecraft:sprint_one_cm":29641,"minecraft:time_since_death":15364,"minecraft:walk_one_cm":17722,"minecraft:total_world_time":15364,"minecraft:fall_one_cm":3737,"minecraft:fly_one_cm":23936}},"DataVersion":3700}