{"stats":{"minecraft:picked_up":{"minecraft:spruce_sapling":1,"minecraft:spruce_log":3},"minecraft:used":{"minecraft:spruce_log":3,"minecraft:spruce_sapling":1},"minecraft:mined":{"minecraft:spruce_leaves":4,"minecraft:spruce_log":3},"minecraft:custom":{"minecraft:jump":60,"minecraft:time_since_rest":3261,"minecraft:leave_game":1,"minecraft:sprint_one_cm":4219,"minecraft:play_time":3261,"minecraft:damage_taken":20,"minecraft:time_since_death":3261,"minecraft:walk_one_cm":6135,"minecraft:total_world_time":3261,"minecraft:fall_one_cm":2343,"minecraft:fly_one_cm":9258}},"DataVersion":3700}