{"stats":{"minecraft:custom":{"minecraft:jump":55,"minecraft:time_since_rest":9695,"minecraft:damage_dealt":167,"minecraft:crouch_one_cm":105,"minecraft:deaths":1,"minecraft:sprint_one_cm":5000,"minecraft:play_time":17981,"minecraft:damage_taken":477,"minecraft:time_since_death":9623,"minecraft:walk_one_cm":18591,"minecraft:sneak_time":93,"minecraft:climb_one_cm":2721,"minecraft:total_world_time":17981,"minecraft:fall_one_cm":2763,"minecraft:fly_one_cm":2385},"minecraft:killed_by":{"minecraft:player":1}},"DataVersion":3700}