{"stats":{"minecraft:crafted":{"minecraft:oak_planks":8,"minecraft:crafting_table":1,"minecraft:stick":8,"minecraft:wooden_pickaxe":1,"minecraft:stone_pickaxe":1,"minecraft:wooden_axe":1,"minecraft:jungle_planks":12},"minecraft:used":{"minecraft:wooden_axe":22,"minecraft:stone_pickaxe":25,"minecraft:wooden_pickaxe":13,"minecraft:sandstone":3,"minecraft:dirt":4,"minecraft:sand":1,"minecraft:crafting_table":2,"minecraft:granite":2},"minecraft:custom":{"minecraft:time_since_rest":5995,"minecraft:sprint_one_cm":6188,"minecraft:walk_one_cm":9183,"minecraft:interact_with_crafting_table":2,"minecraft:fly_one_cm":6724,"minecraft:crouch_one_cm":306,"minecraft:play_time":5995,"minecraft:sneak_time":237,"minecraft:jump":56,"minecraft:time_since_death":5995,"minecraft:climb_one_cm":90,"minecraft:total_world_time":5995,"minecraft:fall_one_cm":1432},"minecraft:picked_up":{"minecraft:crafting_table":1,"minecraft:sandstone":3,"minecraft:jungle_log":3,"minecraft:sand":1,"minecraft:oak_log":12,"minecraft:diorite":2,"minecraft:dirt":6,"minecraft:granite":2,"minecraft:oak_sapling":1,"minecraft:melon_slice":28,"minecraft:cobblestone":31},"minecraft:mined":{"minecraft:crafting_table":1,"minecraft:granite":2,"minecraft:short_grass":3,"minecraft:grass_block":2,"minecraft:oak_log":12,"minecraft:melon":6,"minecraft:vine":1,"minecraft:jungle_log":3,"minecraft:sand":1,"minecraft:dirt":4,"minecraft:stone":31,"minecraft:oak_leaves":1,"minecraft:diorite":2,"minecraft:sandstone":3,"minecraft:fern":1}},"DataVersion":3700}