{"stats":{"minecraft:dropped":{"minecraft:melon_slice":6},"minecraft:crafted":{"minecraft:oak_planks":16,"minecraft:shield":1,"minecraft:crafting_table":2,"minecraft:stick":12,"minecraft:iron_ingot":1,"minecraft:furnace":1,"minecraft:wooden_pickaxe":1,"minecraft:stone_pickaxe":2,"minecraft:wooden_axe":1,"minecraft:air":0,"minecraft:stone_axe":1,"minecraft:jungle_planks":12},"minecraft:killed":{"minecraft:skeleton":1,"minecraft:sheep":11,"minecraft:pig":2,"minecraft:zombie":1,"minecraft:cow":1},"minecraft:used":{"minecraft:wooden_axe":35,"minecraft:melon_slice":18,"minecraft:stone_pickaxe":41,"minecraft:wooden_pickaxe":13,"minecraft:sandstone":3,"minecraft:cobblestone":9,"minecraft:stone_axe":17,"minecraft:golden_carrot":4,"minecraft:dirt":8,"minecraft:sand":1,"minecraft:crafting_table":4,"minecraft:furnace":1,"minecraft:granite":2},"minecraft:custom":{"minecraft:time_since_rest":22133,"minecraft:interact_with_furnace":2,"minecraft:sprint_one_cm":77787,"minecraft:damage_taken":676,"minecraft:walk_one_cm":21007,"minecraft:mob_kills":16,"minecraft:drop":6,"minecraft:damage_dealt":1652,"minecraft:swim_one_cm":28614,"minecraft:interact_with_crafting_table":5,"minecraft:fly_one_cm":135875,"minecraft:open_chest":2,"minecraft:crouch_one_cm":1223,"minecraft:play_time":22133,"minecraft:sneak_time":658,"minecraft:walk_under_water_one_cm":799,"minecraft:jump":620,"minecraft:leave_game":2,"minecraft:walk_on_water_one_cm":4443,"minecraft:time_since_death":22133,"minecraft:total_world_time":22133,"minecraft:climb_one_cm":90,"minecraft:fall_one_cm":16692},"minecraft:picked_up":{"minecraft:raw_iron":2,"minecraft:crafting_table":3,"minecraft:sandstone":3,"minecraft:jungle_log":3,"minecraft:porkchop":3,"minecraft:sand":1,"minecraft:oak_log":12,"minecraft:diorite":2,"minecraft:dirt":8,"minecraft:arrow":2,"minecraft:bone":2,"minecraft:granite":3,"minecraft:chest":1,"minecraft:sugar_cane":12,"minecraft:oak_sapling":1,"minecraft:melon_slice":28,"minecraft:mutton":16,"minecraft:coal":5,"minecraft:white_wool":11,"minecraft:cobblestone":34,"minecraft:furnace":1},"minecraft:mined":{"minecraft:furnace":1,"minecraft:iron_ore":2,"minecraft:crafting_table":3,"minecraft:granite":3,"minecraft:short_grass":6,"minecraft:oak_log":12,"minecraft:grass_block":4,"minecraft:coal_ore":5,"minecraft:chest":1,"minecraft:melon":6,"minecraft:vine":1,"minecraft:jungle_log":3,"minecraft:sand":1,"minecraft:dirt":5,"minecraft:stone":34,"minecraft:sandstone":3,"minecraft:sugar_cane":6,"minecraft:diorite":2,"minecraft:oak_leaves":1,"minecraft:fern":1}},"DataVersion":3700}