{"stats":{"minecraft:dropped":{"minecraft:melon_slice":6},"minecraft:crafted":{"minecraft:oak_planks":8,"minecraft:crafting_table":2,"minecraft:stick":12,"minecraft:wooden_pickaxe":1,"minecraft:stone_pickaxe":2,"minecraft:wooden_axe":1,"minecraft:stone_axe":1,"minecraft:jungle_planks":12},"minecraft:killed":{"minecraft:sheep":11,"minecraft:pig":2,"minecraft:zombie":1,"minecraft:cow":1},"minecraft:used":{"minecraft:wooden_axe":29,"minecraft:melon_slice":18,"minecraft:stone_pickaxe":34,"minecraft:wooden_pickaxe":13,"minecraft:sandstone":3,"minecraft:stone_axe":17,"minecraft:golden_carrot":2,"minecraft:dirt":8,"minecraft:sand":1,"minecraft:crafting_table":3,"minecraft:granite":2},"minecraft:custom":{"minecraft:time_since_rest":18307,"minecraft:sprint_one_cm":60870,"minecraft:damage_taken":340,"minecraft:walk_one_cm":18059,"minecraft:mob_kills":15,"minecraft:drop":6,"minecraft:damage_dealt":1452,"minecraft:swim_one_cm":28614,"minecraft:interact_with_crafting_table":3,"minecraft:fly_one_cm":116841,"minecraft:open_chest":2,"minecraft:crouch_one_cm":929,"minecraft:play_time":18307,"minecraft:sneak_time":509,"minecraft:walk_under_water_one_cm":799,"minecraft:jump":515,"minecraft:leave_game":1,"minecraft:walk_on_water_one_cm":4443,"minecraft:time_since_death":18307,"minecraft:total_world_time":18307,"minecraft:climb_one_cm":90,"minecraft:fall_one_cm":10984},"minecraft:picked_up":{"minecraft:raw_iron":2,"minecraft:crafting_table":2,"minecraft:sandstone":3,"minecraft:jungle_log":3,"minecraft:porkchop":3,"minecraft:sand":1,"minecraft:oak_log":12,"minecraft:diorite":2,"minecraft:dirt":8,"minecraft:granite":2,"minecraft:chest":1,"minecraft:sugar_cane":12,"minecraft:oak_sapling":1,"minecraft:melon_slice":28,"minecraft:mutton":16,"minecraft:coal":1,"minecraft:white_wool":11,"minecraft:cobblestone":33},"minecraft:mined":{"minecraft:iron_ore":2,"minecraft:crafting_table":2,"minecraft:granite":2,"minecraft:short_grass":5,"minecraft:oak_log":12,"minecraft:grass_block":4,"minecraft:coal_ore":1,"minecraft:chest":1,"minecraft:melon":6,"minecraft:vine":1,"minecraft:jungle_log":3,"minecraft:sand":1,"minecraft:dirt":5,"minecraft:stone":33,"minecraft:sandstone":3,"minecraft:sugar_cane":6,"minecraft:diorite":2,"minecraft:oak_leaves":1,"minecraft:fern":1}},"DataVersion":3700}