{"stats":{"minecraft:crafted":{"minecraft:oak_planks":36,"minecraft:wooden_shovel":1,"minecraft:cooked_porkchop":2,"minecraft:diamond_axe":1,"minecraft:crafting_table":2,"minecraft:spruce_planks":144,"minecraft:cooked_chicken":3,"minecraft:iron_sword":1,"minecraft:furnace":2,"minecraft:stone_axe":1,"minecraft:cooked_mutton":7,"minecraft:air":0,"minecraft:oak_boat":1,"minecraft:oak_chest_boat":1,"minecraft:diamond_pickaxe":1,"minecraft:shield":1,"minecraft:stick":16,"minecraft:iron_ingot":15,"minecraft:iron_pickaxe":1,"minecraft:stone_pickaxe":1,"minecraft:wooden_axe":2,"minecraft:chest":1,"minecraft:white_bed":1,"minecraft:spruce_boat":2,"minecraft:diamond_chestplate":1,"minecraft:cooked_beef":7},"minecraft:killed":{"minecraft:pig":1,"minecraft:spider":2,"minecraft:creeper":1,"minecraft:skeleton":6,"minecraft:sheep":6,"minecraft:zombie":12,"minecraft:chicken":3,"minecraft:enderman":1,"minecraft:cow":4},"minecraft:killed_by":{"minecraft:player":2,"minecraft:creeper":1,"minecraft:drowned":5},"minecraft:dropped":{"minecraft:stripped_spruce_log":1,"minecraft:cobblestone":1,"minecraft:feather":5,"minecraft:dirt":3},"minecraft:mined":{"minecraft:podzol":4,"minecraft:flowering_azalea":5,"minecraft:white_bed":2,"minecraft:deepslate_diamond_ore":13,"minecraft:crafting_table":4,"minecraft:short_grass":5,"minecraft:grass_block":1,"minecraft:cobblestone":3,"minecraft:spruce_leaves":2,"minecraft:sugar_cane":6,"minecraft:magma_block":1,"minecraft:furnace":4,"minecraft:iron_ore":42,"minecraft:cobbled_deepslate":9,"minecraft:spruce_log":49,"minecraft:stripped_spruce_log":1,"minecraft:birch_leaves":1,"minecraft:oak_log":42,"minecraft:coal_ore":33,"minecraft:deepslate_iron_ore":16,"minecraft:dirt":20,"minecraft:fern":1,"minecraft:stone":108,"minecraft:small_dripleaf":1,"minecraft:deepslate":16,"minecraft:oak_leaves":5},"minecraft:broken":{"minecraft:shield":1},"minecraft:picked_up":{"minecraft:wooden_axe":5,"minecraft:birch_log":2,"minecraft:crafting_table":7,"minecraft:magma_block":2,"minecraft:feather":5,"minecraft:chicken":3,"minecraft:andesite":4,"minecraft:leather":10,"minecraft:brown_wool":2,"minecraft:brown_mushroom":4,"minecraft:wooden_pickaxe":4,"minecraft:filled_map":1,"minecraft:birch_planks":8,"minecraft:oak_log":71,"minecraft:gunpowder":1,"minecraft:string":1,"minecraft:dirt":28,"minecraft:paper":15,"minecraft:wooden_sword":2,"minecraft:bone":4,"minecraft:kelp":13,"minecraft:bow":2,"minecraft:wheat_seeds":2,"minecraft:cobbled_deepslate":26,"minecraft:stone_pickaxe":2,"minecraft:iron_ingot":1,"minecraft:beef":7,"minecraft:wooden_shovel":2,"minecraft:sugar_cane":18,"minecraft:oak_planks":12,"minecraft:flowering_azalea":5,"minecraft:furnace":4,"minecraft:stick":25,"minecraft:raw_iron":111,"minecraft:gravel":1,"minecraft:porkchop":2,"minecraft:spruce_sapling":2,"minecraft:stripped_spruce_log":1,"minecraft:carrot":1,"minecraft:white_bed":2,"minecraft:spruce_log":53,"minecraft:arrow":6,"minecraft:rotten_flesh":15,"minecraft:stone_sword":1,"minecraft:stone_shovel":2,"minecraft:diamond":14,"minecraft:stone_axe":2,"minecraft:oak_chest_boat":1,"minecraft:mutton":8,"minecraft:coal":105,"minecraft:ender_pearl":1,"minecraft:white_wool":5,"minecraft:cobblestone":115},"minecraft:used":{"minecraft:cooked_mutton":7,"minecraft:stone_pickaxe":22,"minecraft:oak_planks":17,"minecraft:spruce_planks":10,"minecraft:shield":47,"minecraft:wooden_pickaxe":34,"minecraft:iron_sword":108,"minecraft:rotten_flesh":1,"minecraft:diamond_axe":33,"minecraft:wooden_shovel":11,"minecraft:cooked_chicken":3,"minecraft:dirt":22,"minecraft:mutton":1,"minecraft:crafting_table":6,"minecraft:carrot":1,"minecraft:white_bed":3,"minecraft:spruce_boat":1,"minecraft:wooden_axe":37,"minecraft:iron_pickaxe":190,"minecraft:diamond_chestplate":2,"minecraft:stone_axe":42,"minecraft:cobblestone":96,"minecraft:furnace":6,"minecraft:cooked_porkchop":2,"minecraft:andesite":4,"minecraft:cooked_beef":6,"minecraft:cobbled_deepslate":14,"minecraft:oak_chest_boat":1},"minecraft:custom":{"minecraft:interact_with_furnace":38,"minecraft:mob_kills":36,"minecraft:interact_with_crafting_table":25,"minecraft:leave_game":5,"minecraft:time_since_death":2991,"minecraft:sleep_in_bed":3,"minecraft:time_since_rest":3036,"minecraft:sprint_one_cm":218950,"minecraft:damage_taken":3642,"minecraft:walk_one_cm":99272,"minecraft:damage_blocked_by_shield":3432,"minecraft:drop":4,"minecraft:damage_dealt":7838,"minecraft:swim_one_cm":83135,"minecraft:fly_one_cm":191838,"minecraft:player_kills":8,"minecraft:open_chest":5,"minecraft:crouch_one_cm":6080,"minecraft:play_time":78601,"minecraft:deaths":8,"minecraft:sneak_time":3113,"minecraft:walk_under_water_one_cm":17047,"minecraft:boat_one_cm":367247,"minecraft:jump":1222,"minecraft:walk_on_water_one_cm":10395,"minecraft:total_world_time":78601,"minecraft:fall_one_cm":31331}},"DataVersion":3700}