{"stats":{"minecraft:crafted":{"minecraft:oak_planks":40,"minecraft:wooden_shovel":1,"minecraft:stone_shovel":1,"minecraft:crafting_table":1,"minecraft:stick":48,"minecraft:wooden_pickaxe":1,"minecraft:stone_pickaxe":1,"minecraft:wooden_axe":2,"minecraft:furnace":1,"minecraft:stone_axe":1},"minecraft:dropped":{"minecraft:gray_wool":2,"minecraft:wheat_seeds":1,"minecraft:wooden_axe":1,"minecraft:wooden_shovel":1,"minecraft:wooden_pickaxe":1,"minecraft:black_wool":2},"minecraft:killed":{"minecraft:sheep":9,"minecraft:pig":2,"minecraft:cow":3},"minecraft:used":{"minecraft:wooden_axe":91,"minecraft:stone_shovel":10,"minecraft:stone_pickaxe":16,"minecraft:wooden_pickaxe":10,"minecraft:stone_axe":34,"minecraft:dirt":11,"minecraft:crafting_table":3,"minecraft:furnace":1},"minecraft:custom":{"minecraft:time_since_rest":12939,"minecraft:interact_with_furnace":2,"minecraft:sprint_one_cm":25861,"minecraft:damage_taken":379,"minecraft:walk_one_cm":52403,"minecraft:mob_kills":14,"minecraft:drop":8,"minecraft:damage_dealt":1218,"minecraft:interact_with_crafting_table":8,"minecraft:fly_one_cm":31726,"minecraft:open_chest":2,"minecraft:play_time":18316,"minecraft:deaths":1,"minecraft:jump":333,"minecraft:leave_game":1,"minecraft:time_since_death":12085,"minecraft:walk_on_water_one_cm":49,"minecraft:total_world_time":18316,"minecraft:climb_one_cm":466,"minecraft:fall_one_cm":3731},"minecraft:killed_by":{"minecraft:zombie":1},"minecraft:picked_up":{"minecraft:wooden_axe":1,"minecraft:stick":4,"minecraft:crafting_table":3,"minecraft:leather":3,"minecraft:wooden_pickaxe":1,"minecraft:porkchop":2,"minecraft:oak_log":23,"minecraft:dirt":20,"minecraft:wheat_seeds":1,"minecraft:beef":4,"minecraft:gray_wool":2,"minecraft:melon_slice":6,"minecraft:black_wool":2,"minecraft:mutton":11,"minecraft:white_wool":5,"minecraft:cobblestone":75,"minecraft:furnace":1},"minecraft:mined":{"minecraft:furnace":1,"minecraft:crafting_table":3,"minecraft:short_grass":28,"minecraft:grass_block":7,"minecraft:oak_log":22,"minecraft:dirt":12,"minecraft:tall_grass":2,"minecraft:stone":15},"minecraft:broken":{"minecraft:wooden_axe":1}},"DataVersion":3700}