{"stats":{"minecraft:crafted":{"minecraft:wooden_sword":1,"minecraft:oak_planks":224,"minecraft:wooden_shovel":1,"minecraft:stone_shovel":2,"minecraft:diamond_sword":1,"minecraft:cooked_porkchop":23,"minecraft:crafting_table":5,"minecraft:cooked_chicken":3,"minecraft:iron_helmet":1,"minecraft:wooden_pickaxe":2,"minecraft:iron_sword":1,"minecraft:furnace":4,"minecraft:birch_planks":4,"minecraft:stone_axe":2,"minecraft:air":0,"minecraft:iron_chestplate":1,"minecraft:iron_boots":1,"minecraft:diamond_pickaxe":1,"minecraft:shield":2,"minecraft:iron_axe":1,"minecraft:stick":232,"minecraft:iron_ingot":36,"minecraft:iron_pickaxe":1,"minecraft:stone_pickaxe":2,"minecraft:wooden_axe":2,"minecraft:stone_sword":2,"minecraft:iron_leggings":1,"minecraft:gold_ingot":2,"minecraft:iron_shovel":1,"minecraft:torch":180},"minecraft:killed":{"minecraft:pig":13,"minecraft:creeper":1,"minecraft:sheep":4,"minecraft:zombie":6,"minecraft:chicken":7,"minecraft:cow":1},"minecraft:killed_by":{"minecraft:player":1,"minecraft:skeleton":1,"minecraft:zombie":2},"minecraft:mined":{"minecraft:tuff":1,"minecraft:deepslate_diamond_ore":6,"minecraft:dandelion":1,"minecraft:crafting_table":6,"minecraft:torch":2,"minecraft:short_grass":34,"minecraft:grass_block":4,"minecraft:rose_bush":2,"minecraft:tall_grass":6,"minecraft:deepslate_coal_ore":1,"minecraft:deepslate_gold_ore":2,"minecraft:diorite":2,"minecraft:wall_torch":1,"minecraft:furnace":4,"minecraft:iron_ore":28,"minecraft:coal_ore":108,"minecraft:oak_log":52,"minecraft:deepslate_iron_ore":29,"minecraft:dirt":5,"minecraft:stripped_oak_log":2,"minecraft:stone":98,"minecraft:oak_leaves":1,"minecraft:deepslate":26},"minecraft:dropped":{"minecraft:iron_sword":1,"minecraft:stone_axe":2,"minecraft:birch_planks":1,"minecraft:wheat_seeds":7,"minecraft:cobbled_deepslate":2,"minecraft:stone_sword":3,"minecraft:cooked_porkchop":10,"minecraft:stone_shovel":1,"minecraft:feather":7,"minecraft:rotten_flesh":8,"minecraft:stripped_oak_log":1,"minecraft:wooden_axe":2,"minecraft:rose_bush":2,"minecraft:wooden_shovel":1,"minecraft:wooden_sword":1,"minecraft:iron_pickaxe":1,"minecraft:stone_pickaxe":2,"minecraft:wooden_pickaxe":6,"minecraft:dandelion":3},"minecraft:picked_up":{"minecraft:stripped_oak_log":2,"minecraft:birch_log":1,"minecraft:feather":7,"minecraft:crafting_table":6,"minecraft:chicken":7,"minecraft:leather":1,"minecraft:andesite":1,"minecraft:wooden_pickaxe":4,"minecraft:tuff":1,"minecraft:oak_log":56,"minecraft:gunpowder":2,"minecraft:dirt":9,"minecraft:wheat_seeds":7,"minecraft:cobbled_deepslate":27,"minecraft:raw_gold":2,"minecraft:beef":3,"minecraft:stone_pickaxe":1,"minecraft:rose_bush":2,"minecraft:oak_planks":8,"minecraft:furnace":4,"minecraft:raw_iron":60,"minecraft:torch":4,"minecraft:dandelion":3,"minecraft:porkchop":25,"minecraft:diorite":2,"minecraft:stone_sword":2,"minecraft:rotten_flesh":9,"minecraft:diamond":6,"minecraft:stone_axe":1,"minecraft:oak_sapling":1,"minecraft:mutton":5,"minecraft:coal":112,"minecraft:white_wool":4,"minecraft:cobblestone":103},"minecraft:used":{"minecraft:diorite":2,"minecraft:stone_sword":56,"minecraft:stone_shovel":6,"minecraft:stone_pickaxe":183,"minecraft:oak_planks":1,"minecraft:wooden_pickaxe":24,"minecraft:iron_sword":71,"minecraft:cooked_chicken":3,"minecraft:torch":90,"minecraft:dirt":9,"minecraft:crafting_table":10,"minecraft:tuff":1,"minecraft:wooden_axe":54,"minecraft:diamond_pickaxe":49,"minecraft:iron_axe":5,"minecraft:iron_pickaxe":49,"minecraft:stone_axe":47,"minecraft:diamond_sword":37,"minecraft:cobblestone":38,"minecraft:oak_sapling":1,"minecraft:furnace":7,"minecraft:cooked_porkchop":3,"minecraft:stripped_oak_log":1,"minecraft:cobbled_deepslate":10},"minecraft:custom":{"minecraft:interact_with_furnace":43,"minecraft:mob_kills":32,"minecraft:interact_with_crafting_table":37,"minecraft:leave_game":1,"minecraft:time_since_death":25066,"minecraft:time_since_rest":25099,"minecraft:sprint_one_cm":168408,"minecraft:damage_taken":1426,"minecraft:walk_one_cm":247997,"minecraft:drop":54,"minecraft:damage_dealt":3476,"minecraft:fly_one_cm":86946,"minecraft:crouch_one_cm":1874,"minecraft:play_time":79782,"minecraft:deaths":5,"minecraft:sneak_time":807,"minecraft:walk_under_water_one_cm":885,"minecraft:jump":859,"minecraft:walk_on_water_one_cm":3866,"minecraft:total_world_time":79782,"minecraft:fall_one_cm":18744}},"DataVersion":3700}