{"stats":{"minecraft:crafted":{"minecraft:oak_planks":40,"minecraft:wooden_shovel":1,"minecraft:stone_shovel":1,"minecraft:crafting_table":1,"minecraft:stick":48,"minecraft:wooden_pickaxe":1,"minecraft:stone_pickaxe":1,"minecraft:wooden_axe":2,"minecraft:furnace":1,"minecraft:torch":8,"minecraft:stone_axe":1},"minecraft:dropped":{"minecraft:gray_wool":2,"minecraft:wheat_seeds":2,"minecraft:wooden_axe":1,"minecraft:wooden_shovel":1,"minecraft:wooden_pickaxe":1,"minecraft:black_wool":2},"minecraft:killed":{"minecraft:sheep":9,"minecraft:pig":2,"minecraft:cow":4},"minecraft:used":{"minecraft:wooden_axe":91,"minecraft:stone_shovel":10,"minecraft:stone_pickaxe":21,"minecraft:wooden_pickaxe":10,"minecraft:stone_axe":48,"minecraft:dirt":11,"minecraft:crafting_table":3,"minecraft:furnace":2,"minecraft:porkchop":2},"minecraft:custom":{"minecraft:time_since_rest":15339,"minecraft:interact_with_furnace":3,"minecraft:sprint_one_cm":33066,"minecraft:damage_taken":379,"minecraft:walk_one_cm":63120,"minecraft:mob_kills":15,"minecraft:drop":9,"minecraft:damage_dealt":1317,"minecraft:swim_one_cm":3080,"minecraft:interact_with_crafting_table":8,"minecraft:fly_one_cm":45771,"minecraft:open_chest":2,"minecraft:play_time":20716,"minecraft:deaths":1,"minecraft:walk_under_water_one_cm":168,"minecraft:jump":407,"minecraft:leave_game":2,"minecraft:time_since_death":14485,"minecraft:walk_on_water_one_cm":289,"minecraft:total_world_time":20716,"minecraft:climb_one_cm":466,"minecraft:fall_one_cm":4834},"minecraft:killed_by":{"minecraft:zombie":1},"minecraft:picked_up":{"minecraft:wooden_axe":1,"minecraft:stick":4,"minecraft:crafting_table":3,"minecraft:leather":5,"minecraft:wooden_pickaxe":1,"minecraft:porkchop":2,"minecraft:oak_log":23,"minecraft:dirt":20,"minecraft:wheat_seeds":2,"minecraft:beef":6,"minecraft:gray_wool":2,"minecraft:melon_slice":6,"minecraft:black_wool":2,"minecraft:mutton":11,"minecraft:coal":3,"minecraft:white_wool":5,"minecraft:cobblestone":78,"minecraft:furnace":1},"minecraft:mined":{"minecraft:furnace":1,"minecraft:crafting_table":3,"minecraft:short_grass":37,"minecraft:coal_ore":3,"minecraft:grass_block":7,"minecraft:oak_log":22,"minecraft:dirt":12,"minecraft:tall_grass":2,"minecraft:stone":17},"minecraft:broken":{"minecraft:wooden_axe":1}},"DataVersion":3700}