{"stats":{"minecraft:used":{"minecraft:wooden_axe":7,"minecraft:dirt":2,"minecraft:wooden_pickaxe":10},"minecraft:custom":{"minecraft:time_since_rest":959,"minecraft:deaths":1,"minecraft:play_time":6336,"minecraft:sprint_one_cm":6334,"minecraft:damage_taken":250,"minecraft:walk_one_cm":12596,"minecraft:jump":99,"minecraft:leave_game":1,"minecraft:time_since_death":105,"minecraft:walk_on_water_one_cm":49,"minecraft:total_world_time":6336,"minecraft:climb_one_cm":80,"minecraft:interact_with_crafting_table":1,"minecraft:fall_one_cm":209,"minecraft:fly_one_cm":2315},"minecraft:killed_by":{"minecraft:zombie":1},"minecraft:picked_up":{"minecraft:wooden_axe":1,"minecraft:stick":4,"minecraft:wooden_pickaxe":1,"minecraft:oak_log":7,"minecraft:melon_slice":6,"minecraft:dirt":11},"minecraft:mined":{"minecraft:grass_block":4,"minecraft:oak_log":7,"minecraft:dirt":6}},"DataVersion":3700}