{"stats":{"minecraft:crafted":{"minecraft:cooked_beef":6,"minecraft:oak_planks":184,"minecraft:cooked_porkchop":3,"minecraft:crafting_table":11,"minecraft:wooden_pickaxe":4,"minecraft:iron_helmet":1,"minecraft:furnace":4,"minecraft:birch_planks":24,"minecraft:stone_axe":2,"minecraft:bread":1,"minecraft:air":0,"minecraft:iron_boots":1,"minecraft:iron_chestplate":1,"minecraft:shield":1,"minecraft:iron_axe":1,"minecraft:stick":52,"minecraft:iron_ingot":32,"minecraft:iron_pickaxe":1,"minecraft:stone_pickaxe":4,"minecraft:wooden_axe":2,"minecraft:stone_sword":1,"minecraft:iron_leggings":1},"minecraft:killed":{"minecraft:pig":2,"minecraft:spider":1,"minecraft:skeleton":3,"minecraft:zombie":3,"minecraft:cow":6},"minecraft:killed_by":{"minecraft:player":8,"minecraft:skeleton":1,"minecraft:creeper":1},"minecraft:mined":{"minecraft:deepslate_diamond_ore":2,"minecraft:oak_fence":2,"minecraft:crafting_table":4,"minecraft:granite":7,"minecraft:short_grass":11,"minecraft:grass_block":9,"minecraft:chest":3,"minecraft:cobblestone":11,"minecraft:lapis_ore":3,"minecraft:deepslate_gold_ore":2,"minecraft:oak_planks":3,"minecraft:diorite":9,"minecraft:spawner":2,"minecraft:furnace":2,"minecraft:birch_log":13,"minecraft:iron_ore":21,"minecraft:andesite":14,"minecraft:deepslate_lapis_ore":1,"minecraft:oak_log":45,"minecraft:coal_ore":24,"minecraft:deepslate_iron_ore":3,"minecraft:dirt":5,"minecraft:stone":165,"minecraft:oak_leaves":7,"minecraft:deepslate":21},"minecraft:dropped":{"minecraft:stone_axe":1,"minecraft:stone_sword":1,"minecraft:andesite":1,"minecraft:stone_pickaxe":1,"minecraft:wooden_pickaxe":1},"minecraft:picked_up":{"minecraft:wooden_axe":2,"minecraft:birch_log":12,"minecraft:crafting_table":4,"minecraft:andesite":14,"minecraft:leather":5,"minecraft:oak_log":47,"minecraft:gunpowder":5,"minecraft:string":6,"minecraft:lapis_lazuli":26,"minecraft:music_disc_cat":1,"minecraft:dirt":11,"minecraft:bone":6,"minecraft:bow":1,"minecraft:wheat_seeds":2,"minecraft:cobbled_deepslate":21,"minecraft:raw_gold":2,"minecraft:beef":14,"minecraft:stone_pickaxe":1,"minecraft:iron_pickaxe":1,"minecraft:chest":2,"minecraft:oak_planks":1,"minecraft:iron_sword":1,"minecraft:furnace":2,"minecraft:stick":1,"minecraft:raw_iron":22,"minecraft:cooked_porkchop":10,"minecraft:music_disc_13":1,"minecraft:oak_fence":2,"minecraft:porkchop":3,"minecraft:diorite":9,"minecraft:redstone":2,"minecraft:pumpkin_seeds":2,"minecraft:rotten_flesh":16,"minecraft:diamond":2,"minecraft:stone_axe":1,"minecraft:beetroot_seeds":3,"minecraft:granite":7,"minecraft:golden_horse_armor":1,"minecraft:melon_seeds":2,"minecraft:coal":27,"minecraft:cobblestone":169},"minecraft:used":{"minecraft:stone_pickaxe":170,"minecraft:oak_planks":9,"minecraft:shield":5,"minecraft:wooden_pickaxe":32,"minecraft:iron_sword":13,"minecraft:iron_chestplate":2,"minecraft:dirt":8,"minecraft:crafting_table":13,"minecraft:granite":3,"minecraft:wooden_axe":26,"minecraft:iron_axe":19,"minecraft:bread":2,"minecraft:iron_pickaxe":89,"minecraft:iron_helmet":1,"minecraft:iron_boots":2,"minecraft:stone_axe":38,"minecraft:beef":2,"minecraft:cobblestone":45,"minecraft:furnace":5,"minecraft:cooked_porkchop":11,"minecraft:andesite":1,"minecraft:cooked_beef":3,"minecraft:cobbled_deepslate":5,"minecraft:iron_leggings":1},"minecraft:custom":{"minecraft:interact_with_furnace":65,"minecraft:mob_kills":15,"minecraft:interact_with_crafting_table":35,"minecraft:leave_game":7,"minecraft:time_since_death":9028,"minecraft:time_since_rest":9090,"minecraft:sprint_one_cm":252861,"minecraft:damage_taken":4126,"minecraft:walk_one_cm":115244,"minecraft:damage_blocked_by_shield":285,"minecraft:drop":5,"minecraft:damage_dealt":2987,"minecraft:swim_one_cm":431,"minecraft:fly_one_cm":78063,"minecraft:player_kills":3,"minecraft:open_chest":3,"minecraft:crouch_one_cm":653,"minecraft:play_time":56254,"minecraft:deaths":10,"minecraft:sneak_time":237,"minecraft:walk_under_water_one_cm":1753,"minecraft:jump":563,"minecraft:walk_on_water_one_cm":5644,"minecraft:total_world_time":56254,"minecraft:fall_one_cm":17561}},"DataVersion":3700}