{"stats":{"minecraft:crafted":{"minecraft:oak_planks":64,"minecraft:shield":1,"minecraft:iron_axe":1,"minecraft:crafting_table":5,"minecraft:stick":24,"minecraft:iron_ingot":8,"minecraft:wooden_pickaxe":1,"minecraft:iron_pickaxe":1,"minecraft:stone_pickaxe":2,"minecraft:wooden_axe":1,"minecraft:furnace":2,"minecraft:birch_planks":8,"minecraft:stone_axe":1,"minecraft:air":0,"minecraft:cooked_beef":2},"minecraft:dropped":{"minecraft:dirt":3,"minecraft:wooden_axe":1,"minecraft:cobblestone":62,"minecraft:wooden_pickaxe":1,"minecraft:stick":4},"minecraft:killed":{"minecraft:skeleton":1,"minecraft:cow":1},"minecraft:used":{"minecraft:oak_log":2,"minecraft:stone_pickaxe":263,"minecraft:iron_pickaxe":72,"minecraft:wooden_pickaxe":17,"minecraft:stone_axe":20,"minecraft:dirt":3,"minecraft:cobblestone":29,"minecraft:crafting_table":5,"minecraft:furnace":2,"minecraft:andesite":13,"minecraft:cooked_beef":2},"minecraft:custom":{"minecraft:time_since_rest":23415,"minecraft:interact_with_furnace":11,"minecraft:sprint_one_cm":39964,"minecraft:damage_taken":110,"minecraft:walk_one_cm":32153,"minecraft:mob_kills":2,"minecraft:drop":10,"minecraft:damage_dealt":479,"minecraft:swim_one_cm":8788,"minecraft:interact_with_crafting_table":14,"minecraft:fly_one_cm":26628,"minecraft:open_chest":1,"minecraft:crouch_one_cm":422,"minecraft:play_time":23415,"minecraft:sneak_time":247,"minecraft:walk_under_water_one_cm":1409,"minecraft:jump":195,"minecraft:leave_game":1,"minecraft:walk_on_water_one_cm":3932,"minecraft:time_since_death":23415,"minecraft:climb_one_cm":1617,"minecraft:total_world_time":23415,"minecraft:fall_one_cm":2783},"minecraft:picked_up":{"minecraft:birch_log":2,"minecraft:sandstone":1,"minecraft:raw_iron":11,"minecraft:andesite":23,"minecraft:leather":2,"minecraft:gravel":4,"minecraft:sand":5,"minecraft:tuff":12,"minecraft:oak_log":18,"minecraft:diorite":21,"minecraft:dirt":17,"minecraft:raw_copper":4,"minecraft:bone":2,"minecraft:cobbled_deepslate":44,"minecraft:granite":6,"minecraft:beef":2,"minecraft:coal":13,"minecraft:cobblestone":198},"minecraft:mined":{"minecraft:tuff":12,"minecraft:iron_ore":11,"minecraft:birch_log":2,"minecraft:andesite":26,"minecraft:granite":6,"minecraft:short_grass":4,"minecraft:coal_ore":14,"minecraft:grass_block":3,"minecraft:oak_log":17,"minecraft:sand":5,"minecraft:gravel":4,"minecraft:dirt":11,"minecraft:cobblestone":2,"minecraft:copper_ore":1,"minecraft:stone":202,"minecraft:deepslate":42,"minecraft:diorite":20,"minecraft:sandstone":1,"minecraft:oak_leaves":1},"minecraft:broken":{"minecraft:stone_pickaxe":2}},"DataVersion":3700}