{"stats":{"minecraft:crafted":{"minecraft:oak_planks":64,"minecraft:shield":1,"minecraft:crafting_table":4,"minecraft:stick":16,"minecraft:iron_ingot":5,"minecraft:wooden_pickaxe":1,"minecraft:iron_pickaxe":1,"minecraft:stone_pickaxe":2,"minecraft:wooden_axe":1,"minecraft:furnace":1,"minecraft:birch_planks":8,"minecraft:stone_axe":1,"minecraft:air":0,"minecraft:cooked_beef":2},"minecraft:dropped":{"minecraft:dirt":3,"minecraft:wooden_axe":1,"minecraft:cobblestone":62,"minecraft:wooden_pickaxe":1,"minecraft:stick":4},"minecraft:killed":{"minecraft:skeleton":1,"minecraft:cow":1},"minecraft:used":{"minecraft:oak_log":2,"minecraft:stone_pickaxe":199,"minecraft:iron_pickaxe":1,"minecraft:wooden_pickaxe":17,"minecraft:stone_axe":20,"minecraft:dirt":3,"minecraft:cobblestone":29,"minecraft:crafting_table":4,"minecraft:furnace":1,"minecraft:andesite":13,"minecraft:cooked_beef":2},"minecraft:custom":{"minecraft:time_since_rest":17979,"minecraft:interact_with_furnace":8,"minecraft:sprint_one_cm":34101,"minecraft:damage_taken":110,"minecraft:walk_one_cm":29957,"minecraft:mob_kills":2,"minecraft:drop":10,"minecraft:damage_dealt":479,"minecraft:interact_with_crafting_table":11,"minecraft:fly_one_cm":22353,"minecraft:open_chest":1,"minecraft:crouch_one_cm":332,"minecraft:play_time":17979,"minecraft:sneak_time":153,"minecraft:jump":182,"minecraft:walk_on_water_one_cm":1984,"minecraft:time_since_death":17979,"minecraft:climb_one_cm":1617,"minecraft:total_world_time":17979,"minecraft:fall_one_cm":2783},"minecraft:picked_up":{"minecraft:birch_log":2,"minecraft:raw_iron":5,"minecraft:andesite":23,"minecraft:leather":2,"minecraft:gravel":1,"minecraft:oak_log":18,"minecraft:dirt":17,"minecraft:raw_copper":4,"minecraft:bone":2,"minecraft:beef":2,"minecraft:coal":13,"minecraft:cobblestone":156},"minecraft:mined":{"minecraft:iron_ore":5,"minecraft:birch_log":2,"minecraft:andesite":26,"minecraft:short_grass":4,"minecraft:coal_ore":14,"minecraft:grass_block":3,"minecraft:oak_log":17,"minecraft:gravel":1,"minecraft:dirt":11,"minecraft:cobblestone":2,"minecraft:copper_ore":1,"minecraft:stone":156,"minecraft:oak_leaves":1},"minecraft:broken":{"minecraft:stone_pickaxe":1}},"DataVersion":3700}