{"stats":{"minecraft:crafted":{"minecraft:oak_planks":16,"minecraft:birch_planks":8,"minecraft:stone_axe":1,"minecraft:crafting_table":2,"minecraft:stick":16,"minecraft:stone_pickaxe":1,"minecraft:wooden_pickaxe":1,"minecraft:wooden_axe":1},"minecraft:dropped":{"minecraft:dirt":3,"minecraft:wooden_pickaxe":1,"minecraft:wooden_axe":1,"minecraft:stick":4},"minecraft:used":{"minecraft:oak_log":2,"minecraft:dirt":1,"minecraft:crafting_table":2,"minecraft:stone_pickaxe":29,"minecraft:wooden_pickaxe":17},"minecraft:custom":{"minecraft:time_since_rest":5979,"minecraft:play_time":5979,"minecraft:sprint_one_cm":7211,"minecraft:damage_taken":50,"minecraft:walk_one_cm":10002,"minecraft:drop":9,"minecraft:jump":44,"minecraft:time_since_death":5979,"minecraft:total_world_time":5979,"minecraft:climb_one_cm":1219,"minecraft:interact_with_crafting_table":5,"minecraft:fall_one_cm":1738,"minecraft:fly_one_cm":4122},"minecraft:picked_up":{"minecraft:birch_log":2,"minecraft:andesite":10,"minecraft:oak_log":6,"minecraft:dirt":4,"minecraft:cobblestone":36},"minecraft:mined":{"minecraft:short_grass":2,"minecraft:grass_block":1,"minecraft:oak_log":6,"minecraft:dirt":3,"minecraft:birch_log":2,"minecraft:stone":36,"minecraft:andesite":10}},"DataVersion":3700}