{"stats":{"minecraft:mined":{"minecraft:bamboo":1},"minecraft:custom":{"minecraft:jump":341,"minecraft:time_since_rest":63,"minecraft:leave_game":1,"minecraft:deaths":1,"minecraft:damage_dealt":766,"minecraft:crouch_one_cm":550,"minecraft:sprint_one_cm":44946,"minecraft:play_time":21489,"minecraft:damage_taken":1009,"minecraft:time_since_death":5,"minecraft:walk_one_cm":30546,"minecraft:sneak_time":878,"minecraft:climb_one_cm":5518,"minecraft:total_world_time":21489,"minecraft:fall_one_cm":2462,"minecraft:fly_one_cm":29859,"minecraft:player_kills":2},"minecraft:crafted":{"minecraft:stick":1},"minecraft:killed_by":{"minecraft:player":1},"minecraft:picked_up":{"minecraft:bamboo":11}},"DataVersion":3700}