{"stats":{"minecraft:mined":{"minecraft:bamboo":1},"minecraft:custom":{"minecraft:jump":253,"minecraft:time_since_rest":17986,"minecraft:damage_dealt":277,"minecraft:crouch_one_cm":91,"minecraft:sprint_one_cm":29704,"minecraft:play_time":17986,"minecraft:damage_taken":167,"minecraft:time_since_death":17986,"minecraft:walk_one_cm":22515,"minecraft:sneak_time":399,"minecraft:climb_one_cm":4274,"minecraft:total_world_time":17986,"minecraft:fall_one_cm":1432,"minecraft:fly_one_cm":25209,"minecraft:player_kills":1},"minecraft:crafted":{"minecraft:stick":1},"minecraft:picked_up":{"minecraft:bamboo":11}},"DataVersion":3700}