{"stats":{"minecraft:crafted":{"minecraft:crafting_table":1,"minecraft:stick":8,"minecraft:wooden_pickaxe":1,"minecraft:jungle_planks":20},"minecraft:used":{"minecraft:crafting_table":1,"minecraft:wooden_pickaxe":10},"minecraft:custom":{"minecraft:time_since_rest":5985,"minecraft:play_time":5985,"minecraft:sprint_one_cm":12721,"minecraft:damage_taken":130,"minecraft:walk_one_cm":6543,"minecraft:walk_under_water_one_cm":191,"minecraft:jump":116,"minecraft:time_since_death":5985,"minecraft:walk_on_water_one_cm":271,"minecraft:total_world_time":5985,"minecraft:climb_one_cm":1654,"minecraft:swim_one_cm":306,"minecraft:interact_with_crafting_table":1,"minecraft:fall_one_cm":5640,"minecraft:fly_one_cm":22980},"minecraft:picked_up":{"minecraft:jungle_log":5,"minecraft:cobblestone":10},"minecraft:mined":{"minecraft:jungle_log":5,"minecraft:stone":10}},"DataVersion":3700}