{"stats":{"minecraft:crafted":{"minecraft:crafting_table":1,"minecraft:stick":8,"minecraft:wooden_pickaxe":1,"minecraft:stone_pickaxe":1,"minecraft:stone_axe":1,"minecraft:jungle_planks":20},"minecraft:killed":{"minecraft:sheep":2,"minecraft:skeleton":1,"minecraft:pig":2,"minecraft:chicken":1,"minecraft:spider":1,"minecraft:iron_golem":1,"minecraft:villager":5},"minecraft:used":{"minecraft:wooden_pickaxe":10,"minecraft:shield":2,"minecraft:iron_sword":34,"minecraft:stone_axe":9,"minecraft:skeleton_spawn_egg":1,"minecraft:crafting_table":1,"minecraft:cooked_porkchop":2},"minecraft:custom":{"minecraft:time_since_rest":5064,"minecraft:sprint_one_cm":42850,"minecraft:damage_taken":180,"minecraft:walk_one_cm":34744,"minecraft:damage_blocked_by_shield":65,"minecraft:mob_kills":13,"minecraft:damage_dealt":2729,"minecraft:swim_one_cm":306,"minecraft:interact_with_crafting_table":3,"minecraft:fly_one_cm":271133,"minecraft:open_chest":6,"minecraft:play_time":19902,"minecraft:sneak_time":35,"minecraft:walk_under_water_one_cm":294,"minecraft:jump":439,"minecraft:leave_game":1,"minecraft:walk_on_water_one_cm":1067,"minecraft:time_since_death":19902,"minecraft:sleep_in_bed":1,"minecraft:climb_one_cm":1778,"minecraft:total_world_time":19902,"minecraft:fall_one_cm":6810},"minecraft:picked_up":{"minecraft:feather":1,"minecraft:chicken":1,"minecraft:jungle_log":5,"minecraft:porkchop":5,"minecraft:bone":1,"minecraft:iron_ingot":3,"minecraft:mutton":2,"minecraft:white_wool":2,"minecraft:cobblestone":10},"minecraft:mined":{"minecraft:jungle_log":5,"minecraft:stone":10}},"DataVersion":3700}