{"stats":{"minecraft:crafted":{"minecraft:crafting_table":1,"minecraft:stick":8,"minecraft:wooden_pickaxe":1,"minecraft:stone_pickaxe":1,"minecraft:stone_axe":1,"minecraft:jungle_planks":20},"minecraft:killed":{"minecraft:sheep":2,"minecraft:skeleton":1,"minecraft:pig":2,"minecraft:chicken":1,"minecraft:spider":1,"minecraft:iron_golem":1,"minecraft:hoglin":1,"minecraft:villager":5},"minecraft:used":{"minecraft:diamond_pickaxe":3,"minecraft:flint_and_steel":1,"minecraft:wooden_pickaxe":10,"minecraft:shield":2,"minecraft:iron_sword":40,"minecraft:netherrack":1,"minecraft:stone_axe":9,"minecraft:skeleton_spawn_egg":1,"minecraft:crafting_table":1,"minecraft:cooked_porkchop":2,"minecraft:obsidian":5},"minecraft:custom":{"minecraft:time_since_rest":8361,"minecraft:sprint_one_cm":49717,"minecraft:damage_taken":184,"minecraft:walk_one_cm":41597,"minecraft:damage_blocked_by_shield":65,"minecraft:mob_kills":14,"minecraft:damage_dealt":3127,"minecraft:interact_with_crafting_table":3,"minecraft:swim_one_cm":306,"minecraft:fly_one_cm":324807,"minecraft:open_chest":7,"minecraft:crouch_one_cm":38,"minecraft:play_time":23199,"minecraft:sneak_time":68,"minecraft:walk_under_water_one_cm":294,"minecraft:jump":511,"minecraft:leave_game":2,"minecraft:time_since_death":23199,"minecraft:walk_on_water_one_cm":1067,"minecraft:sleep_in_bed":1,"minecraft:climb_one_cm":1778,"minecraft:total_world_time":23199,"minecraft:fall_one_cm":7971},"minecraft:picked_up":{"minecraft:feather":1,"minecraft:chicken":1,"minecraft:jungle_log":5,"minecraft:leather":1,"minecraft:brown_mushroom":3,"minecraft:porkchop":9,"minecraft:crying_obsidian":1,"minecraft:bone":1,"minecraft:iron_ingot":3,"minecraft:netherrack":1,"minecraft:obsidian":1,"minecraft:mutton":2,"minecraft:white_wool":2,"minecraft:cobblestone":10},"minecraft:mined":{"minecraft:crying_obsidian":1,"minecraft:obsidian":1,"minecraft:jungle_log":5,"minecraft:stone":10,"minecraft:netherrack":1}},"DataVersion":3700}