{"stats":{"minecraft:picked_up":{"minecraft:oak_log":1,"minecraft:dirt":1},"minecraft:mined":{"minecraft:short_grass":2,"minecraft:grass_block":1,"minecraft:oak_log":1,"minecraft:oak_leaves":2},"minecraft:used":{"minecraft:oak_log":1,"minecraft:dirt":1},"minecraft:custom":{"minecraft:jump":164,"minecraft:time_since_rest":5987,"minecraft:sprint_one_cm":13740,"minecraft:play_time":5987,"minecraft:damage_taken":80,"minecraft:time_since_death":5987,"minecraft:walk_one_cm":12884,"minecraft:total_world_time":5987,"minecraft:fall_one_cm":6588,"minecraft:fly_one_cm":28517}},"DataVersion":3700}