{"stats":{"minecraft:crafted":{"minecraft:oak_planks":16,"minecraft:crafting_table":1,"minecraft:stick":4,"minecraft:wooden_pickaxe":1},"minecraft:killed":{"minecraft:magma_cube":1,"minecraft:piglin":4,"minecraft:zombie":1,"minecraft:piglin_brute":3,"minecraft:hoglin":1,"minecraft:creeper":1,"minecraft:blaze":3},"minecraft:mined":{"minecraft:short_grass":5},"minecraft:dropped":{"minecraft:porkchop":2,"minecraft:wheat_seeds":1,"minecraft:blaze_rod":1,"minecraft:iron_chestplate":1,"minecraft:crimson_roots":1,"minecraft:obsidian":1,"minecraft:iron_helmet":1,"minecraft:iron_leggings":1,"minecraft:lantern":1,"minecraft:iron_boots":1,"minecraft:enchanting_table":2,"minecraft:flint_and_steel":1},"minecraft:picked_up":{"minecraft:birch_log":1,"minecraft:enchanting_table":1,"minecraft:torch":1,"minecraft:porkchop":2,"minecraft:gilded_blackstone":8,"minecraft:lantern":1,"minecraft:wheat_seeds":1,"minecraft:blaze_rod":1,"minecraft:oak_planks":7,"minecraft:crimson_roots":1},"minecraft:used":{"minecraft:netherite_sword":34,"minecraft:water_bucket":13,"minecraft:enchanting_table":1,"minecraft:lava_bucket":16,"minecraft:stone_sword":4,"minecraft:bookshelf":37,"minecraft:flint_and_steel":2,"minecraft:lantern":2,"minecraft:iron_sword":16,"minecraft:deepslate":13,"minecraft:torch":102,"minecraft:deepslate_diamond_ore":10,"minecraft:ancient_debris":11,"minecraft:crafting_table":1,"minecraft:oak_boat":1,"minecraft:cooked_beef":1,"minecraft:obsidian":13},"minecraft:custom":{"minecraft:time_since_rest":75149,"minecraft:sprint_one_cm":124411,"minecraft:damage_taken":317,"minecraft:walk_one_cm":215668,"minecraft:mob_kills":15,"minecraft:drop":14,"minecraft:damage_dealt":3959,"minecraft:interact_with_crafting_table":1,"minecraft:swim_one_cm":1881,"minecraft:fly_one_cm":851267,"minecraft:open_chest":12,"minecraft:crouch_one_cm":116,"minecraft:play_time":90211,"minecraft:deaths":2,"minecraft:sneak_time":664,"minecraft:walk_under_water_one_cm":8854,"minecraft:boat_one_cm":73021,"minecraft:jump":819,"minecraft:leave_game":5,"minecraft:time_since_death":75120,"minecraft:walk_on_water_one_cm":33070,"minecraft:enchant_item":7,"minecraft:total_world_time":90211,"minecraft:fall_one_cm":4563}},"DataVersion":3700}