{
  "minecraft:recipes/misc/charcoal": {
    "criteria": {
      "has_log": "2024-07-05 04:25:11 +0000"
    },
    "done": true
  },
  "minecraft:recipes/decorations/crafting_table": {
    "criteria": {
      "unlock_right_away": "2024-07-05 04:24:30 +0000"
    },
    "done": true
  },
  "minecraft:recipes/building_blocks/oak_planks": {
    "criteria": {
      "has_logs": "2024-07-05 04:25:11 +0000"
    },
    "done": true
  },
  "minecraft:adventure/adventuring_time": {
    "criteria": {
      "minecraft:forest": "2024-07-05 04:24:31 +0000",
      "minecraft:windswept_hills": "2024-07-05 04:25:17 +0000",
      "minecraft:plains": "2024-07-05 04:26:02 +0000"
    },
    "done": false
  },
  "minecraft:recipes/building_blocks/oak_wood": {
    "criteria": {
      "has_log": "2024-07-05 04:25:11 +0000"
    },
    "done": true
  },
  "DataVersion": 3700
}